activity_code_category,activity_code,activity_code_definition,activity_code_notes
None,0,Unassigned,
Religious Activities,001,"Church, synagogue, etc.",
Religious Activities,002,Association or convention of churches,
Religious Activities,003,Religious order,
Religious Activities,004,Church auxiliary,
Religious Activities,005,Mission,
Religious Activities,006,Missionary activities,
Religious Activities,007,Evangelism,
Religious Activities,008,Religious publishing activities,
Religious Activities,029,Other religious activities,
Religious Activities,918,Book store,Use code 918
Religious Activities,094,Genealogical activities,Use code 094
Schools Colleges And Related Activities,030,"School, college, trade school, etc.",
Schools Colleges And Related Activities,031,"Special school for the blind, handicapped, etc.",
Schools Colleges And Related Activities,032,Nursery school,
Schools Colleges And Related Activities,033,Faculty group,
Schools Colleges And Related Activities,034,Alumni association or group,
Schools Colleges And Related Activities,035,Parent or parent-teachers association,
Schools Colleges And Related Activities,036,Key club,Use code 323 (Youth Organization)
Schools Colleges And Related Activities,037,Other student society or group,
Schools Colleges And Related Activities,038,School or college athletic association,
Schools Colleges And Related Activities,039,Scholarships for children of employees,
Schools Colleges And Related Activities,040,Scholarships (other),
Schools Colleges And Related Activities,041,Student loans,
Schools Colleges And Related Activities,042,Student housing activities,
Schools Colleges And Related Activities,043,Other student aid,
Schools Colleges And Related Activities,044,Student exchange with foreign country,
Schools Colleges And Related Activities,045,Student operated business,
Schools Colleges And Related Activities,046,Private school,
Schools Colleges And Related Activities,059,Other school related activities,
Schools Colleges And Related Activities,574,Day care center,Use code 574
Schools Colleges And Related Activities,602,"Financial support of schools, colleges, etc.",Use code 602
Schools Colleges And Related Activities,914,Achievement prizes or awards,Use code 914
Schools Colleges And Related Activities,918,Student bookstore,Use code 918
Schools Colleges And Related Activities,299,Student travel,Use code 299
Schools Colleges And Related Activities,See Notes,Scientific research,See Scientific Research Activities (180-199)
Cultural Historical Or Other Educational Activities,060,"Museum, zoo, planetarium, etc.",
Cultural Historical Or Other Educational Activities,061,Library,
Cultural Historical Or Other Educational Activities,062,Historical site records or reenactment,
Cultural Historical Or Other Educational Activities,063,Monument,
Cultural Historical Or Other Educational Activities,064,"Commemorative event (centennial, festival, pageant, etc.)",
Cultural Historical Or Other Educational Activities,065,Fair,
Cultural Historical Or Other Educational Activities,088,Community theatrical group,
Cultural Historical Or Other Educational Activities,089,Singing society or group,
Cultural Historical Or Other Educational Activities,090,Cultural performances,
Cultural Historical Or Other Educational Activities,091,Art exhibit,
Cultural Historical Or Other Educational Activities,092,Literary activities,
Cultural Historical Or Other Educational Activities,093,Cultural exchanges with foreign country,
Cultural Historical Or Other Educational Activities,094,Genealogical activities,
Cultural Historical Or Other Educational Activities,119,Other cultural or historical activities,
Cultural Historical Or Other Educational Activities,914,Achievement prizes awards,Use code 914
Cultural Historical Or Other Educational Activities,561,Gifts or grants to individuals,Use code 561
Cultural Historical Or Other Educational Activities,602,Financial support of cultural organizations,Use code 602
Other Instructions And Training Activities,120,Publishing activities,
Other Instructions And Training Activities,121,Radio or television broadcasting,
Other Instructions And Training Activities,122,Producing films,
Other Instructions And Training Activities,123,"Discussion groups, forums, panels lectures, etc.",
Other Instructions And Training Activities,124,Study and research (non-scientific),
Other Instructions And Training Activities,125,Giving information or opinion,See also Advocacy (510-559)
Other Instructions And Training Activities,126,Apprentice training,
Other Instructions And Training Activities,149,Other instruction and training,
Other Instructions And Training Activities,299,Travel tours,Use code 299
Health Services And Related Activities,150,Hospital,
Health Services And Related Activities,151,Hospital auxiliary,
Health Services And Related Activities,152,Nursing or convalescent home,
Health Services And Related Activities,153,Care and housing for the aged,See also 382
Health Services And Related Activities,155,Rural medical facility,
Health Services And Related Activities,156,Blood bank,
Health Services And Related Activities,157,Cooperative hospital service organization,
Health Services And Related Activities,158,Rescue and emergency service,
Health Services And Related Activities,159,Nurses register or bureau,
Health Services And Related Activities,160,Aid to the handicapped,See also 031
Health Services And Related Activities,161,Scientific research (diseases),
Health Services And Related Activities,162,Other medical research,
Health Services And Related Activities,163,"Health insurance (medical, dental, optical, etc.)",
Health Services And Related Activities,164,Prepared group health plan,
Health Services And Related Activities,165,Community health planning,
Health Services And Related Activities,166,Mental health care,
Health Services And Related Activities,167,Group medical practice association,
Health Services And Related Activities,168,In-faculty group practice association,
Health Services And Related Activities,169,"Hospital pharmacy, parking facility, food services, etc.",
Health Services And Related Activities,179,Other health services,
Scientific Research Activities,180,Contact or sponsored scientific research for industry,
Scientific Research Activities,181,Scientific research for government,
Scientific Research Activities,199,Other scientific research activities,
Scientific Research Activities,161,Scientific research (diseases),Use code 161
Business And Professional Organizations,200,"Business promotion (chamber of commerce, business league, etc.)",
Business And Professional Organizations,201,Real estate association,
Business And Professional Organizations,202,Board of trade,
Business And Professional Organizations,203,Regulating business,
Business And Professional Organizations,204,Promotion of fair business practices,
Business And Professional Organizations,205,Professional association,
Business And Professional Organizations,206,Professional association auxiliary,
Business And Professional Organizations,207,Industry trade shows,
Business And Professional Organizations,208,Convention displays,
Business And Professional Organizations,209,Research development and testing,
Business And Professional Organizations,210,Professional athletic league,
Business And Professional Organizations,211,Underwriting municipal insurance,
Business And Professional Organizations,212,Assigned risk insurance activities,
Business And Professional Organizations,213,Tourist bureau,
Business And Professional Organizations,229,Other business or professional group,
Business And Professional Organizations,905,Testing products of public safety,Use code 905
Business And Professional Organizations,403,Attracting new industry,Use code 403
Business And Professional Organizations,120,Publishing activities,Use code 120
Business And Professional Organizations,See Notes,Insurance or other benefits for members,See Employee or Membership Benefit Organizations (260-279)
Farming And Related Activities,230,Farming,
Farming And Related Activities,231,Farm bureau,
Farming And Related Activities,232,Agricultural group,
Farming And Related Activities,233,Horticultural group,
Farming And Related Activities,234,Farmers cooperative marketing or purchasing,
Farming And Related Activities,235,Farmers cooperative marketing or purchasing (Repeat in source),
Farming And Related Activities,237,Breeders association,
Farming And Related Activities,249,Other farming and related activities,
Farming And Related Activities,322,"FFA, FHA, 4-H club, etc",Use code 322
Farming And Related Activities,065,Fair,Use code 065
Mutual Organizations,250,"Mutual ditch, irrigation, telephone, electric company or like organization",
Mutual Organizations,251,Credit union,
Mutual Organizations,252,"Reserve funds or insurance for domestic building and loan association, cooperative bank, or mutual savings bank",
Mutual Organizations,253,Mutual insurance company,
Mutual Organizations,254,Corporation organized under an Act of Congress,See also 904
Mutual Organizations,259,Other mutual organization,
Mutual Organizations,234,Farmers cooperative marketing or purchasing,Use code 234
Mutual Organizations,157,Cooperative hospital service organization,Use code 157
Employee Or Membership Benefit Organizations,260,"Fraternal Beneficiary society, order, or association",
Employee Or Membership Benefit Organizations,261,Improvement of conditions of workers,
Employee Or Membership Benefit Organizations,262,Association of municipal employees,
Employee Or Membership Benefit Organizations,263,Association of employees,
Employee Or Membership Benefit Organizations,264,Employee or member welfare association,
Employee Or Membership Benefit Organizations,265,"Sick, accident, death, or similar benefits",
Employee Or Membership Benefit Organizations,266,Strike benefits,
Employee Or Membership Benefit Organizations,267,Unemployment benefits,
Employee Or Membership Benefit Organizations,268,Pension or retirement benefits,
Employee Or Membership Benefit Organizations,269,Vacation benefits,
Employee Or Membership Benefit Organizations,279,Other services or benefits to members or employees,
Sports Athletic Recreational And Social Activities,280,Country club,
Sports Athletic Recreational And Social Activities,281,Hobby club,
Sports Athletic Recreational And Social Activities,282,Dinner club,
Sports Athletic Recreational And Social Activities,283,Variety club,
Sports Athletic Recreational And Social Activities,284,Dog club,
Sports Athletic Recreational And Social Activities,285,Women's club,
Sports Athletic Recreational And Social Activities,286,Hunting or fishing club,
Sports Athletic Recreational And Social Activities,287,Swimming or tennis club,
Sports Athletic Recreational And Social Activities,288,Other sports club,
Sports Athletic Recreational And Social Activities,296,Community center,
Sports Athletic Recreational And Social Activities,297,"Community recreational facilities (park, playground, etc)",
Sports Athletic Recreational And Social Activities,298,Training in sports,
Sports Athletic Recreational And Social Activities,299,Travel tours,
Sports Athletic Recreational And Social Activities,300,Amateur athletic association,
Sports Athletic Recreational And Social Activities,301,Fundraising athletic or sports event,
Sports Athletic Recreational And Social Activities,317,Other sports or athletic activities,
Sports Athletic Recreational And Social Activities,318,Other recreational activities,
Sports Athletic Recreational And Social Activities,319,Other social activities,
Sports Athletic Recreational And Social Activities,356,Garden club,Use code 356
Sports Athletic Recreational And Social Activities,321,"Boys Club, Little League, etc",Use code 321
Sports Athletic Recreational And Social Activities,038,School or college athletic association,Use code 038
Youth Activities,320,"Boy Scouts, Girl Scouts, etc.",
Youth Activities,321,"Boys Club, Little League, etc.",
Youth Activities,322,"FFA, FHA, 4-H club, etc.",
Youth Activities,324,"YMCA, YWCA, etc.",
Youth Activities,325,Camp,
Youth Activities,326,"Care and housing of children (orphanage, etc)",
Youth Activities,327,Prevention of cruelty to children,
Youth Activities,328,Combat juvenile delinquency,
Youth Activities,349,Other youth organization or activities,
Conservation Environmental And Beautification Activities,350,Preservation of natural resources (conservation),
Conservation Environmental And Beautification Activities,351,"Combating or preventing pollution (air, water, etc)",
Conservation Environmental And Beautification Activities,352,Land acquisition for preservation,
Conservation Environmental And Beautification Activities,353,Soil or water conservation,
Conservation Environmental And Beautification Activities,354,Preservation of scenic beauty,
Conservation Environmental And Beautification Activities,355,Wildlife sanctuary or refuge,
Conservation Environmental And Beautification Activities,356,Garden club,
Conservation Environmental And Beautification Activities,379,Other conservation environmental or beautification activities,
Conservation Environmental And Beautification Activities,See Notes,Litigation,See Litigation and Legal Aid Activities (460-465)
Conservation Environmental And Beautification Activities,402,Combat community deterioration,Use code 402
Housing Activities,380,Low-income housing,
Housing Activities,381,Low and moderate income housing,
Housing Activities,382,Housing for the aged,See also 153
Housing Activities,398,Instruction and guidance on housing,
Housing Activities,399,Other housing activities,
Housing Activities,152,Nursing or convalescent home,Use code 152
Housing Activities,042,Student housing,Use code 042
Housing Activities,326,Orphanage,Use code 326
Inner City Or Community Activities,400,Area development redevelopment of renewal,
Inner City Or Community Activities,401,Homeowners' association,
Inner City Or Community Activities,402,Other activity aimed to combating community deterioration,
Inner City Or Community Activities,403,Attracting new industry or retaining industry in an area,
Inner City Or Community Activities,404,Community promotion,
Inner City Or Community Activities,405,Loans or grants for minority businesses,
Inner City Or Community Activities,406,Crime prevention,
Inner City Or Community Activities,407,Voluntary firemen's organization or auxiliary,
Inner City Or Community Activities,408,Community service organization,
Inner City Or Community Activities,429,Other inner city or community benefit activities,
Inner City Or Community Activities,297,Community recreational facility,Use code 297
Inner City Or Community Activities,296,Community center,Use code 296
Inner City Or Community Activities,566,"Job training, counseling, or assistance",Use code 566
Inner City Or Community Activities,574,Day care center,Use code 574
Inner City Or Community Activities,569,Referral service (social agencies),Use code 569
Inner City Or Community Activities,462,Legal aid to indigents,Use code 462
Inner City Or Community Activities,158,Rescue squad,Use code 158
Civil Rights Activities,430,Defense of human and civil rights,
Civil Rights Activities,431,"Elimination of prejudice and discrimination (race, religion, sex, national origin, etc)",
Civil Rights Activities,432,Lessen neighborhood tensions,
Civil Rights Activities,449,Other civil rights activities,
Litigation And Legal Aid Activities,460,Public interest litigation activities,
Litigation And Legal Aid Activities,461,Other litigation or support of litigation,
Litigation And Legal Aid Activities,462,Legal aid to indigents,
Litigation And Legal Aid Activities,463,Providing bail,
Litigation And Legal Aid Activities,465,Plan under IRC section 120,
Legislative And Political Activities,480,"Propose, support, or oppose legislation",
Legislative And Political Activities,481,Voter information on issues or candidates,
Legislative And Political Activities,482,"Voter education (mechanics of registering, voting etc.)",
Legislative And Political Activities,483,"Support, oppose, or rate political candidates",
Legislative And Political Activities,484,Provide facilities or services for political campaign activities,
Legislative And Political Activities,509,Other legislative and political activities,
Advocacy,510,Firearms control,
Advocacy,511,Selective Service System,
Advocacy,512,National defense policy,
Advocacy,513,Weapons systems,
Advocacy,514,Government spending,
Advocacy,515,Taxes or tax exemption,
Advocacy,516,Separation of church and state,
Advocacy,517,Government aid to parochial schools,
Advocacy,518,U.S. foreign policy,
Advocacy,519,U.S. military involvement,
Advocacy,520,Pacifism and peace,
Advocacy,521,Economic-political system of U.S.,
Advocacy,522,Anti-communism,
Advocacy,523,Right to work,
Advocacy,524,Zoning or rezoning,
Advocacy,525,Location of highway or transportation system,
Advocacy,526,Rights of criminal defendants,
Advocacy,527,Capital punishment,
Advocacy,528,Stricter law enforcement,
Advocacy,529,Ecology or conservation,
Advocacy,530,Protection of consumer interests,
Advocacy,531,Medical care service,
Advocacy,532,Welfare systems,
Advocacy,533,Urban renewal,
Advocacy,534,Busing student to achieve racial balance,
Advocacy,535,Racial integration,
Advocacy,536,Use of intoxicating beverage,
Advocacy,537,Use of drugs or narcotics,
Advocacy,538,Use of tobacco,
Advocacy,539,Prohibition of erotica,
Advocacy,540,Sex education in public schools,
Advocacy,541,Population control,
Advocacy,542,Birth control methods,
Advocacy,543,Legalized abortion,
Advocacy,559,Other matters,
Other Social And Welfare Activities,560,Supplying money goods or services to the poor,
Other Social And Welfare Activities,561,Gifts or grants to individuals (other than scholarships),
Other Social And Welfare Activities,562,Other loans to individuals,
Other Social And Welfare Activities,563,Marriage counseling,
Other Social And Welfare Activities,564,Family planning,
Other Social And Welfare Activities,565,Credit counseling and assistance,
Other Social And Welfare Activities,566,"Job training, counseling, or assistance",
Other Social And Welfare Activities,567,Draft counseling,
Other Social And Welfare Activities,568,Vocational counseling,
Other Social And Welfare Activities,569,Referral service (social agencies),
Other Social And Welfare Activities,572,Rehabilitating convicts or ex-convicts,
Other Social And Welfare Activities,573,"Rehabilitating alcoholics, drug abusers, compulsive gamblers, etc.",
Other Social And Welfare Activities,574,Day care center,
Other Social And Welfare Activities,575,Services for the aged,See also 153 and 382
Other Social And Welfare Activities,See Notes,Scholarships for children of employees,Use code 039
Other Social And Welfare Activities,039,Scholarships (other),Use code 040
Other Social And Welfare Activities,040,Student loans,Use code 041
Other Social And Welfare Activities,041,Training or aid to the handicapped,See 031 and 160
Activities And Purposes,600,"Community Chest, United Way, etc.",
Activities And Purposes,601,Booster club,
Activities And Purposes,602,Gifts grants or loans to other organizations,
Activities And Purposes,603,Non-financial services of facilities to other organizations,
Other Purposes And Activities,900,Cemetery or burial activities,
Other Purposes And Activities,901,"Perpetual (care fund (cemetery, columbarium, etc)",
Other Purposes And Activities,902,Emergency or disaster aid fund,
Other Purposes And Activities,903,Community trust or component,
Other Purposes And Activities,904,Government instrumentality or agency,See also 254
Other Purposes And Activities,905,Testing products for public safety,
Other Purposes And Activities,906,Consumer interest group,
Other Purposes And Activities,907,Veterans activities,
Other Purposes And Activities,908,Patriotic activities,
Other Purposes And Activities,909,Non-exempt charitable trust described in section 4947(a)(1) of the Code,
Other Purposes And Activities,910,Domestic organization with activities outside U.S.,
Other Purposes And Activities,911,Foreign organization,
Other Purposes And Activities,912,Title holding corporation,
Other Purposes And Activities,913,Prevention of cruelty to animals,
Other Purposes And Activities,914,Achievement pries of awards,
Other Purposes And Activities,915,Erection or maintenance of public building or works,
Other Purposes And Activities,916,"Cafeteria, restaurant, snack bar, food services, etc.",
Other Purposes And Activities,917,"Thrift ship, retail outlet, etc.",
Other Purposes And Activities,918,"Book, gift or supply store",
Other Purposes And Activities,919,Advertising,
Other Purposes And Activities,920,Association of employees,
Other Purposes And Activities,921,Loans or credit reporting,
Other Purposes And Activities,922,Endowment fund or financial services,
Other Purposes And Activities,923,"Indians (tribes, cultures, etc.)",
Other Purposes And Activities,924,Traffic or tariff bureau,
Other Purposes And Activities,925,Section 501(c)(1) with 50% deductibility,
Other Purposes And Activities,926,Government instrumentality other than section 501(c),
Other Purposes And Activities,928,4947(a)(2) trust,
Other Purposes And Activities,930,Prepaid legal services pan exempt under IRC section 501(c)(20),
Other Purposes And Activities,931,Withdrawal liability payment fund,
Other Purposes And Activities,990,Section 501(k) child care organization,
Other Purposes And Activities,994,Described in section 170(b)1)(a)(vi) of the Code,
Other Purposes And Activities,995,Described in section 509(a)(2) of the Code,
Other Purposes And Activities,998,Unspecified,
