ntee_code,description,irs_source,irs_revision
A01,Alliances & Advocacy,"Instructions for Form 1023, Appendix D",12/2024
A02,Management & Technical Assistance,"Instructions for Form 1023, Appendix D",12/2024
A03,Professional Societies & Associations,"Instructions for Form 1023, Appendix D",12/2024
A05,Research Institutes & Public Policy Analysis,"Instructions for Form 1023, Appendix D",12/2024
A11,Single Organization Support,"Instructions for Form 1023, Appendix D",12/2024
A12,Fund Raising & Fund Distribution,"Instructions for Form 1023, Appendix D",12/2024
A19,Support N.E.C.,"Instructions for Form 1023, Appendix D",12/2024
A20,Arts & Culture,"Instructions for Form 1023, Appendix D",12/2024
A23,Cultural & Ethnic Awareness,"Instructions for Form 1023, Appendix D",12/2024
A24,Folk Arts,"Instructions for Form 1023, Appendix D",12/2024
A25,Art Education,"Instructions for Form 1023, Appendix D",12/2024
A26,Arts & Humanities Councils & Agencies,"Instructions for Form 1023, Appendix D",12/2024
A27,Community Celebrations,"Instructions for Form 1023, Appendix D",12/2024
A30,Media & Communications,"Instructions for Form 1023, Appendix D",12/2024
A31,Film & Video,"Instructions for Form 1023, Appendix D",12/2024
A32,Television,"Instructions for Form 1023, Appendix D",12/2024
A33,Printing & Publishing,"Instructions for Form 1023, Appendix D",12/2024
A34,Radio,"Instructions for Form 1023, Appendix D",12/2024
A40,Visual Arts,"Instructions for Form 1023, Appendix D",12/2024
A50,Museums,"Instructions for Form 1023, Appendix D",12/2024
A51,Art Museums,"Instructions for Form 1023, Appendix D",12/2024
A52,Children's Museums,"Instructions for Form 1023, Appendix D",12/2024
A54,History Museums,"Instructions for Form 1023, Appendix D",12/2024
A56,Natural History & Natural Science Museums,"Instructions for Form 1023, Appendix D",12/2024
A57,Science & Technology Museums,"Instructions for Form 1023, Appendix D",12/2024
A60,Performing Art,"Instructions for Form 1023, Appendix D",12/2024
A61,Performing Arts Centers,"Instructions for Form 1023, Appendix D",12/2024
A62,Dance,"Instructions for Form 1023, Appendix D",12/2024
A63,Ballet,"Instructions for Form 1023, Appendix D",12/2024
A65,Theater,"Instructions for Form 1023, Appendix D",12/2024
A68,Music,"Instructions for Form 1023, Appendix D",12/2024
A69,Symphony Orchestras,"Instructions for Form 1023, Appendix D",12/2024
A6A,Opera,"Instructions for Form 1023, Appendix D",12/2024
A6B,Singing & Choral Groups,"Instructions for Form 1023, Appendix D",12/2024
A6C,Bands & Ensembles,"Instructions for Form 1023, Appendix D",12/2024
A6E,Performing Arts Schools,"Instructions for Form 1023, Appendix D",12/2024
A70,Humanities Organizations,"Instructions for Form 1023, Appendix D",12/2024
A80,Historical Organizations,"Instructions for Form 1023, Appendix D",12/2024
A82,Historical Societies & Historic Preservation,"Instructions for Form 1023, Appendix D",12/2024
A84,Commemorative Events,"Instructions for Form 1023, Appendix D",12/2024
A90,Arts Service,"Instructions for Form 1023, Appendix D",12/2024
A99,"Arts, Culture & Humanities N.E.C.","Instructions for Form 1023, Appendix D",12/2024
B01,Alliances & Advocacy Organizations,"Instructions for Form 1023, Appendix D",12/2024
B02,Management & Technical Assistance,"Instructions for Form 1023, Appendix D",12/2024
B03,Professional Society & Associations,"Instructions for Form 1023, Appendix D",12/2024
B05,Research Institutes & Public Policy Analysis,"Instructions for Form 1023, Appendix D",12/2024
B11,Single Organization Support,"Instructions for Form 1023, Appendix D",12/2024
B12,Fundraising & Fund Distribution,"Instructions for Form 1023, Appendix D",12/2024
B19,Support N.E.C.,"Instructions for Form 1023, Appendix D",12/2024
B20,Elementary & Secondary Schools,"Instructions for Form 1023, Appendix D",12/2024
B21,Preschools,"Instructions for Form 1023, Appendix D",12/2024
B24,Primary & Elementary Schools,"Instructions for Form 1023, Appendix D",12/2024
B25,Secondary & High Schools,"Instructions for Form 1023, Appendix D",12/2024
B28,Special Education,"Instructions for Form 1023, Appendix D",12/2024
B29,Charter Schools,"Instructions for Form 1023, Appendix D",12/2024
B30,Vocational & Technical Schools,"Instructions for Form 1023, Appendix D",12/2024
B40,Higher Education Institutions,"Instructions for Form 1023, Appendix D",12/2024
B41,Two-Year Colleges,"Instructions for Form 1023, Appendix D",12/2024
B42,Two-Year Colleges,"Instructions for Form 1023, Appendix D",12/2024
B43,Undergraduate Colleges,"Instructions for Form 1023, Appendix D",12/2024
B50,Graduate & Professional Schools,"Instructions for Form 1023, Appendix D",12/2024
B60,Adult Education,"Instructions for Form 1023, Appendix D",12/2024
B70,Libraries,"Instructions for Form 1023, Appendix D",12/2024
B80,Student Services,"Instructions for Form 1023, Appendix D",12/2024
B82,Scholarships & Student Financial Aid,"Instructions for Form 1023, Appendix D",12/2024
B83,Student Sororities & Fraternities,"Instructions for Form 1023, Appendix D",12/2024
B84,Alumni Associations,"Instructions for Form 1023, Appendix D",12/2024
B90,Educational Services,"Instructions for Form 1023, Appendix D",12/2024
B92,Remedial Reading & Encouragement,"Instructions for Form 1023, Appendix D",12/2024
B94,Parent & Teacher Groups,"Instructions for Form 1023, Appendix D",12/2024
B99,Education N.E.C.,"Instructions for Form 1023, Appendix D",12/2024
C01,Alliances & Advocacy,"Instructions for Form 1023, Appendix D",12/2024
C02,Management & Technical Assistance,"Instructions for Form 1023, Appendix D",12/2024
C03,Professional Societies & Associations,"Instructions for Form 1023, Appendix D",12/2024
C05,Research Institutes & Public Policy Analysis,"Instructions for Form 1023, Appendix D",12/2024
C11,Single Organization Support,"Instructions for Form 1023, Appendix D",12/2024
C12,Fundraising & Fund Distribution,"Instructions for Form 1023, Appendix D",12/2024
C19,Support N.E.C.,"Instructions for Form 1023, Appendix D",12/2024
C20,Pollution Abatement & Control,"Instructions for Form 1023, Appendix D",12/2024
C27,Recycling,"Instructions for Form 1023, Appendix D",12/2024
C30,Natural Resources Conservation & Protection,"Instructions for Form 1023, Appendix D",12/2024
C32,"Water Resources, Wetland Conservation & Management","Instructions for Form 1023, Appendix D",12/2024
C34,Land Resources Conservation,"Instructions for Form 1023, Appendix D",12/2024
C35,Energy Resources Conservation & Development,"Instructions for Form 1023, Appendix D",12/2024
C36,Forest Conservation,"Instructions for Form 1023, Appendix D",12/2024
C40,"Botanical, Horticultural & Landscape Services","Instructions for Form 1023, Appendix D",12/2024
C41,Botanical Gardens & Arboreta,"Instructions for Form 1023, Appendix D",12/2024
C42,Garden Clubs,"Instructions for Form 1023, Appendix D",12/2024
C50,Environmental Beautification,"Instructions for Form 1023, Appendix D",12/2024
C60,Environmental Education,"Instructions for Form 1023, Appendix D",12/2024
C99,Environmental N.E.C.,"Instructions for Form 1023, Appendix D",12/2024
D01,Alliance & Advocacy,"Instructions for Form 1023, Appendix D",12/2024
D02,Management & Technical Assistance,"Instructions for Form 1023, Appendix D",12/2024
D03,Professional Societies & Associations,"Instructions for Form 1023, Appendix D",12/2024
D05,Research Institutes & Public Policy Analysis,"Instructions for Form 1023, Appendix D",12/2024
D11,Single Organization Support,"Instructions for Form 1023, Appendix D",12/2024
D12,Fundraising & Fund Distribution,"Instructions for Form 1023, Appendix D",12/2024
D19,Support N.E.C.,"Instructions for Form 1023, Appendix D",12/2024
D20,Animal Protection & Welfare,"Instructions for Form 1023, Appendix D",12/2024
D30,Wildlife Preservation & Protection,"Instructions for Form 1023, Appendix D",12/2024
D31,Protection of Endangered Species,"Instructions for Form 1023, Appendix D",12/2024
D32,Bird Sanctuaries,"Instructions for Form 1023, Appendix D",12/2024
D33,Fisheries Resources,"Instructions for Form 1023, Appendix D",12/2024
D34,Wildlife Sanctuaries,"Instructions for Form 1023, Appendix D",12/2024
D40,Veterinary Services,"Instructions for Form 1023, Appendix D",12/2024
D50,Zoos & Aquariums,"Instructions for Form 1023, Appendix D",12/2024
D60,Animal Services N.E.C.,"Instructions for Form 1023, Appendix D",12/2024
D61,Animal Training,"Instructions for Form 1023, Appendix D",12/2024
D99,Animal Related N.E.C.,"Instructions for Form 1023, Appendix D",12/2024
E01,Alliances & Advocacy,"Instructions for Form 1023, Appendix D",12/2024
E02,Management & Technical Assistance,"Instructions for Form 1023, Appendix D",12/2024
E03,Professional Societies & Associations,"Instructions for Form 1023, Appendix D",12/2024
E05,Research Institutes & Public Policy Analysis,"Instructions for Form 1023, Appendix D",12/2024
E11,Single Organization Support,"Instructions for Form 1023, Appendix D",12/2024
E12,Fundraising & Fund Distribution,"Instructions for Form 1023, Appendix D",12/2024
E19,Support N.E.C.,"Instructions for Form 1023, Appendix D",12/2024
E20,Hospitals,"Instructions for Form 1023, Appendix D",12/2024
E21,Community Health Systems,"Instructions for Form 1023, Appendix D",12/2024
E22,General Hospitals,"Instructions for Form 1023, Appendix D",12/2024
E24,Specialty Hospitals,"Instructions for Form 1023, Appendix D",12/2024
E30,Ambulatory & Primary Health Care,"Instructions for Form 1023, Appendix D",12/2024
E31,Group Health Practices,"Instructions for Form 1023, Appendix D",12/2024
E32,Community Clinics,"Instructions for Form 1023, Appendix D",12/2024
E40,Reproductive Health Care,"Instructions for Form 1023, Appendix D",12/2024
E42,Family Planning,"Instructions for Form 1023, Appendix D",12/2024
E50,Rehabilitative Care,"Instructions for Form 1023, Appendix D",12/2024
E60,Health Support,"Instructions for Form 1023, Appendix D",12/2024
E61,Blood Banks,"Instructions for Form 1023, Appendix D",12/2024
E62,Emergency Medical Services & Transport,"Instructions for Form 1023, Appendix D",12/2024
E65,Organ & Tissue Banks,"Instructions for Form 1023, Appendix D",12/2024
E6A,Pharmacies & Drugstores,"Instructions for Form 1023, Appendix D",12/2024
E70,Public Health,"Instructions for Form 1023, Appendix D",12/2024
E80,Health (General & Financing),"Instructions for Form 1023, Appendix D",12/2024
E86,Patient & Family Support,"Instructions for Form 1023, Appendix D",12/2024
E90,Nursing,"Instructions for Form 1023, Appendix D",12/2024
E91,Nursing Facilities,"Instructions for Form 1023, Appendix D",12/2024
E92,Home Health Care,"Instructions for Form 1023, Appendix D",12/2024
E99,Health Care N.E.C.,"Instructions for Form 1023, Appendix D",12/2024
F01,Alliances & Advocacy,"Instructions for Form 1023, Appendix D",12/2024
F02,Management & Technical Assistance,"Instructions for Form 1023, Appendix D",12/2024
F03,Professional Societies & Associations,"Instructions for Form 1023, Appendix D",12/2024
F05,Research Institutes & Public Policy Analysis,"Instructions for Form 1023, Appendix D",12/2024
F11,Single Organization Support,"Instructions for Form 1023, Appendix D",12/2024
F12,Fundraising & Fund Distribution,"Instructions for Form 1023, Appendix D",12/2024
F19,Support N.E.C.,"Instructions for Form 1023, Appendix D",12/2024
F20,"Substance Abuse Dependency, Prevention & Treatment","Instructions for Form 1023, Appendix D",12/2024
F21,Substance Abuse Prevention,"Instructions for Form 1023, Appendix D",12/2024
F22,Substance Abuse Treatment,"Instructions for Form 1023, Appendix D",12/2024
F30,Mental Health Treatment,"Instructions for Form 1023, Appendix D",12/2024
F31,Psychiatric Hospitals,"Instructions for Form 1023, Appendix D",12/2024
F32,Community Mental Health Centers,"Instructions for Form 1023, Appendix D",12/2024
F33,Residential Mental Health Treatment,"Instructions for Form 1023, Appendix D",12/2024
F40,Hot Line & Crisis Intervention,"Instructions for Form 1023, Appendix D",12/2024
F42,Sexual Assault Services,"Instructions for Form 1023, Appendix D",12/2024
F50,Addictive Disorders N.E.C.,"Instructions for Form 1023, Appendix D",12/2024
F52,Smoking Addiction,"Instructions for Form 1023, Appendix D",12/2024
F53,Eating Disorders & Addictions,"Instructions for Form 1023, Appendix D",12/2024
F54,Gambling Addiction,"Instructions for Form 1023, Appendix D",12/2024
F60,Counseling,"Instructions for Form 1023, Appendix D",12/2024
F70,Mental Health Disorders,"Instructions for Form 1023, Appendix D",12/2024
F80,Mental Health Associations,"Instructions for Form 1023, Appendix D",12/2024
F99,Mental Health & Crisis Intervention N.E.C.,"Instructions for Form 1023, Appendix D",12/2024
G01,Alliances & Advocacy,"Instructions for Form 1023, Appendix D",12/2024
G02,Management & Technical Assistance,"Instructions for Form 1023, Appendix D",12/2024
G03,Professional Societies & Associations,"Instructions for Form 1023, Appendix D",12/2024
G05,Research Institute & Public Policy Analysis,"Instructions for Form 1023, Appendix D",12/2024
G11,Single Organization Support,"Instructions for Form 1023, Appendix D",12/2024
G12,Fundraising & Fund Distribution,"Instructions for Form 1023, Appendix D",12/2024
G19,Support N.E.C.,"Instructions for Form 1023, Appendix D",12/2024
G20,Birth Defects & Genetic Diseases,"Instructions for Form 1023, Appendix D",12/2024
G25,Down Syndrome,"Instructions for Form 1023, Appendix D",12/2024
G30,Cancer,"Instructions for Form 1023, Appendix D",12/2024
G32,Breast Cancer,"Instructions for Form 1023, Appendix D",12/2024
G40,Diseases of Specific Organs,"Instructions for Form 1023, Appendix D",12/2024
G41,"Eye Diseases, Blindness & Vision Impairments","Instructions for Form 1023, Appendix D",12/2024
G42,Ear & Throat Diseases,"Instructions for Form 1023, Appendix D",12/2024
G43,Heart & Circulator System Diseases & Disorders,"Instructions for Form 1023, Appendix D",12/2024
G44,Kidney Diseases,"Instructions for Form 1023, Appendix D",12/2024
G45,Lung Diseases,"Instructions for Form 1023, Appendix D",12/2024
G48,Brain Disorder,"Instructions for Form 1023, Appendix D",12/2024
G50,"Nerve, Muscle, & Bone Diseases","Instructions for Form 1023, Appendix D",12/2024
G51,Arthritis,"Instructions for Form 1023, Appendix D",12/2024
G54,Epilepsy,"Instructions for Form 1023, Appendix D",12/2024
G60,Allergy Related Diseases,"Instructions for Form 1023, Appendix D",12/2024
G61,Asthma,"Instructions for Form 1023, Appendix D",12/2024
G70,Digestive Diseases & Disorders,"Instructions for Form 1023, Appendix D",12/2024
G80,Specific Named Disorders,"Instructions for Form 1023, Appendix D",12/2024
G81,AIDS,"Instructions for Form 1023, Appendix D",12/2024
G83,Alzheimer's Diseases,"Instructions for Form 1023, Appendix D",12/2024
G84,Autism,"Instructions for Form 1023, Appendix D",12/2024
G90,Medical Disciplines,"Instructions for Form 1023, Appendix D",12/2024
G92,Biomedicine & Bioengineering,"Instructions for Form 1023, Appendix D",12/2024
G94,Geriatrics,"Instructions for Form 1023, Appendix D",12/2024
G96,Neurology & Neuroscience,"Instructions for Form 1023, Appendix D",12/2024
G98,Pediatrics,"Instructions for Form 1023, Appendix D",12/2024
G99,"Voluntary Health Associations, Medical Disciplines N.E.C.","Instructions for Form 1023, Appendix D",12/2024
G9B,Surgical Specialties,"Instructions for Form 1023, Appendix D",12/2024
H01,Alliances & Advocacy,"Instructions for Form 1023, Appendix D",12/2024
H02,Management & Technical Assistance,"Instructions for Form 1023, Appendix D",12/2024
H03,Professional Societies & Associations,"Instructions for Form 1023, Appendix D",12/2024
H05,Research Institute & Public Policy Analysis,"Instructions for Form 1023, Appendix D",12/2024
H11,Single Organization Support,"Instructions for Form 1023, Appendix D",12/2024
H12,Fundraising & Fund Distribution,"Instructions for Form 1023, Appendix D",12/2024
H19,Support N.E.C.,"Instructions for Form 1023, Appendix D",12/2024
H20,Birth Defects & Genetic Diseases Research,"Instructions for Form 1023, Appendix D",12/2024
H25,Down Syndrome Research,"Instructions for Form 1023, Appendix D",12/2024
H30,Cancer Research,"Instructions for Form 1023, Appendix D",12/2024
H32,Breast Cancer Research,"Instructions for Form 1023, Appendix D",12/2024
H40,Diseases of Specific Organs Research,"Instructions for Form 1023, Appendix D",12/2024
H41,"Eye Diseases, Blindness & Vision Impairments Research","Instructions for Form 1023, Appendix D",12/2024
H42,Ear & Throat Diseases Research,"Instructions for Form 1023, Appendix D",12/2024
H43,Heart & Circulatory System Diseases & Disorders Research,"Instructions for Form 1023, Appendix D",12/2024
H44,Kidney Diseases Research,"Instructions for Form 1023, Appendix D",12/2024
H45,Lung Diseases Research,"Instructions for Form 1023, Appendix D",12/2024
H48,Brain Disorders Research,"Instructions for Form 1023, Appendix D",12/2024
H50,"Nerve, Muscle & Bone Diseases Research","Instructions for Form 1023, Appendix D",12/2024
H51,Arthritis Research,"Instructions for Form 1023, Appendix D",12/2024
H54,Epilepsy Research,"Instructions for Form 1023, Appendix D",12/2024
H60,Allergy-Related Diseases Research,"Instructions for Form 1023, Appendix D",12/2024
H61,Asthma Research,"Instructions for Form 1023, Appendix D",12/2024
H70,Digestive Diseases & Disorders Research,"Instructions for Form 1023, Appendix D",12/2024
H80,Specifically Named Diseases Research,"Instructions for Form 1023, Appendix D",12/2024
H81,AIDS Research,"Instructions for Form 1023, Appendix D",12/2024
H83,Alzheimer's Disease Research,"Instructions for Form 1023, Appendix D",12/2024
H84,Autism Research,"Instructions for Form 1023, Appendix D",12/2024
H90,Medical Disciplines Research,"Instructions for Form 1023, Appendix D",12/2024
H92,Biomedicine & Bioengineering Research,"Instructions for Form 1023, Appendix D",12/2024
H94,Geriatrics Research,"Instructions for Form 1023, Appendix D",12/2024
H96,Neurology & Neuroscience Research,"Instructions for Form 1023, Appendix D",12/2024
H98,Pediatrics Research,"Instructions for Form 1023, Appendix D",12/2024
H99,Medical Research N.E.C.,"Instructions for Form 1023, Appendix D",12/2024
H9B,Surgical Specialties Research,"Instructions for Form 1023, Appendix D",12/2024
I01,Alliances & Advocacy,"Instructions for Form 1023, Appendix D",12/2024
I02,Management & Technical Assistance,"Instructions for Form 1023, Appendix D",12/2024
I03,Professional Societies & Associations,"Instructions for Form 1023, Appendix D",12/2024
I05,Research Institutes & Public Policy Analysis,"Instructions for Form 1023, Appendix D",12/2024
I11,Single Organization Support,"Instructions for Form 1023, Appendix D",12/2024
I12,Fundraising & Fund Distribution,"Instructions for Form 1023, Appendix D",12/2024
I19,Support N.E.C.,"Instructions for Form 1023, Appendix D",12/2024
I20,Crime Prevention,"Instructions for Form 1023, Appendix D",12/2024
I21,Youth Violence Prevention,"Instructions for Form 1023, Appendix D",12/2024
I23,Drunk Driving-Related,"Instructions for Form 1023, Appendix D",12/2024
I30,Correctional Facilities,"Instructions for Form 1023, Appendix D",12/2024
I31,Half-Way Houses for Offenders & Ex-Offenders,"Instructions for Form 1023, Appendix D",12/2024
I40,Rehabilitation Services for Offenders,"Instructions for Form 1023, Appendix D",12/2024
I43,Inmate Support,"Instructions for Form 1023, Appendix D",12/2024
I44,Prison Alternatives,"Instructions for Form 1023, Appendix D",12/2024
I50,Administration of Justice,"Instructions for Form 1023, Appendix D",12/2024
I51,Dispute Resolution & Mediation,"Instructions for Form 1023, Appendix D",12/2024
I60,Law Enforcement,"Instructions for Form 1023, Appendix D",12/2024
I70,Protection Against Abuse,"Instructions for Form 1023, Appendix D",12/2024
I71,Spouse Abuse Prevention,"Instructions for Form 1023, Appendix D",12/2024
I72,Child Abuse Prevention,"Instructions for Form 1023, Appendix D",12/2024
I73,Sexual Abuse Prevention,"Instructions for Form 1023, Appendix D",12/2024
I80,Legal Services,"Instructions for Form 1023, Appendix D",12/2024
I83,Public Interest Law,"Instructions for Form 1023, Appendix D",12/2024
I99,Crime & Legal-Related N.E.C.,"Instructions for Form 1023, Appendix D",12/2024
J01,Alliances & Advocacy,"Instructions for Form 1023, Appendix D",12/2024
J02,Management & Technical Assistance,"Instructions for Form 1023, Appendix D",12/2024
J03,Professional Societies & Associations,"Instructions for Form 1023, Appendix D",12/2024
J05,Single Organization Support,"Instructions for Form 1023, Appendix D",12/2024
J11,Consumer Lending,"Instructions for Form 1023, Appendix D",12/2024
J12,Fundraising & Fund Distribution,"Instructions for Form 1023, Appendix D",12/2024
J19,Support N.E.C.,"Instructions for Form 1023, Appendix D",12/2024
J20,Employment Preparation & Procurement,"Instructions for Form 1023, Appendix D",12/2024
J21,Vocational Counseling,"Instructions for Form 1023, Appendix D",12/2024
J22,Job Training,"Instructions for Form 1023, Appendix D",12/2024
J30,Vocational Rehabilitation,"Instructions for Form 1023, Appendix D",12/2024
J32,Goodwill Industries,"Instructions for Form 1023, Appendix D",12/2024
J33,Sheltered Employment,"Instructions for Form 1023, Appendix D",12/2024
J40,Labor Unions,"Instructions for Form 1023, Appendix D",12/2024
J99,Employment N.E.C.,"Instructions for Form 1023, Appendix D",12/2024
K01,Alliances & Advocacy,"Instructions for Form 1023, Appendix D",12/2024
K02,Management & Technical Assistance,"Instructions for Form 1023, Appendix D",12/2024
K03,Professional Societies & Associations,"Instructions for Form 1023, Appendix D",12/2024
K05,Research Institutes & Public Policy Analysis,"Instructions for Form 1023, Appendix D",12/2024
K11,Single Organization Support,"Instructions for Form 1023, Appendix D",12/2024
K12,Fundraising & Fund Distribution,"Instructions for Form 1023, Appendix D",12/2024
K19,Support N.E.C.,"Instructions for Form 1023, Appendix D",12/2024
K20,Agricultural Programs,"Instructions for Form 1023, Appendix D",12/2024
K25,Farmland Preservation,"Instructions for Form 1023, Appendix D",12/2024
K26,Animal Husbandry,"Instructions for Form 1023, Appendix D",12/2024
K28,Farm Bureaus & Granges,"Instructions for Form 1023, Appendix D",12/2024
K2A,Other Vegetable (except Potato) & Melon Farming,"Instructions for Form 1023, Appendix D",12/2024
K2B,"Soil Preparation, Planting, & Cultivating","Instructions for Form 1023, Appendix D",12/2024
K2C,Wineries,"Instructions for Form 1023, Appendix D",12/2024
K30,Food Programs,"Instructions for Form 1023, Appendix D",12/2024
K31,Food Banks & Pantries,"Instructions for Form 1023, Appendix D",12/2024
K34,Congregate Meals,"Instructions for Form 1023, Appendix D",12/2024
K35,Soup Kitchens,"Instructions for Form 1023, Appendix D",12/2024
K36,Meals on Wheels,"Instructions for Form 1023, Appendix D",12/2024
K40,Nutrition,"Instructions for Form 1023, Appendix D",12/2024
K50,Home Economics,"Instructions for Form 1023, Appendix D",12/2024
K6A,Meat Markets,"Instructions for Form 1023, Appendix D",12/2024
K6B,Confectionery & Nut Stores,"Instructions for Form 1023, Appendix D",12/2024
K6C,Caterers,"Instructions for Form 1023, Appendix D",12/2024
K6D,Mobile Food Services,"Instructions for Form 1023, Appendix D",12/2024
K6E,Drinking Places,"Instructions for Form 1023, Appendix D",12/2024
K6F,Snack Nonalcoholic Beverage Bars,"Instructions for Form 1023, Appendix D",12/2024
K90,Limited-Service Restaurants,"Instructions for Form 1023, Appendix D",12/2024
K91,Supermarkets & Other Grocery (except Convenience) Stores,"Instructions for Form 1023, Appendix D",12/2024
K92,Convenience Stores,"Instructions for Form 1023, Appendix D",12/2024
K93,Fruit & Vegetable Markets,"Instructions for Form 1023, Appendix D",12/2024
K94,All Other Specialty Food Stores,"Instructions for Form 1023, Appendix D",12/2024
K95,Food (Health) Supplement Stores,"Instructions for Form 1023, Appendix D",12/2024
K96,Warehouse Clubs & Supercenters,"Instructions for Form 1023, Appendix D",12/2024
K97,Food Service Contractors,"Instructions for Form 1023, Appendix D",12/2024
K98,Full-Service Restaurants,"Instructions for Form 1023, Appendix D",12/2024
K99,"Food, Agriculture & Nutrition N.E.C.","Instructions for Form 1023, Appendix D",12/2024
L01,Alliances & Advocacy,"Instructions for Form 1023, Appendix D",12/2024
L02,Management & Technical Assistance,"Instructions for Form 1023, Appendix D",12/2024
L03,Professional Societies & Associations,"Instructions for Form 1023, Appendix D",12/2024
L05,Research Institutes & Public Policy Analysis,"Instructions for Form 1023, Appendix D",12/2024
L11,Single Organization Support,"Instructions for Form 1023, Appendix D",12/2024
L12,Fundraising & Fund Distribution,"Instructions for Form 1023, Appendix D",12/2024
L19,Support N.E.C.,"Instructions for Form 1023, Appendix D",12/2024
L20,"Housing Development, Construction & Management","Instructions for Form 1023, Appendix D",12/2024
L21,Low-Income & Subsidized Rental Housing,"Instructions for Form 1023, Appendix D",12/2024
L22,Senior Citizens' Housing & Retirement Communities,"Instructions for Form 1023, Appendix D",12/2024
L24,Independent Housing for People with Disabilities,"Instructions for Form 1023, Appendix D",12/2024
L25,Housing Rehabilitation,"Instructions for Form 1023, Appendix D",12/2024
L30,Housing Search Assistance,"Instructions for Form 1023, Appendix D",12/2024
L40,Temporary Housing,"Instructions for Form 1023, Appendix D",12/2024
L41,Homeless Shelters,"Instructions for Form 1023, Appendix D",12/2024
L4A,Hotels (except Casino Hotels) & Motels,"Instructions for Form 1023, Appendix D",12/2024
L4B,Bed and Breakfast Inns,"Instructions for Form 1023, Appendix D",12/2024
L50,Homeowners & Tenants Associations,"Instructions for Form 1023, Appendix D",12/2024
L80,Housing Support,"Instructions for Form 1023, Appendix D",12/2024
L81,Home Improvement & Repairs,"Instructions for Form 1023, Appendix D",12/2024
L82,Housing Expense Reduction Support,"Instructions for Form 1023, Appendix D",12/2024
L99,Housing & Shelter N.E.C.,"Instructions for Form 1023, Appendix D",12/2024
M01,Alliances & Advocacy,"Instructions for Form 1023, Appendix D",12/2024
M02,Management & Technical Assistance,"Instructions for Form 1023, Appendix D",12/2024
M03,Professional Societies & Associations,"Instructions for Form 1023, Appendix D",12/2024
M05,Research Institutes & Public Policy Analysis,"Instructions for Form 1023, Appendix D",12/2024
M11,Single Organization Support,"Instructions for Form 1023, Appendix D",12/2024
M12,Fundraising & Fund Distribution,"Instructions for Form 1023, Appendix D",12/2024
M19,Support N.E.C.,"Instructions for Form 1023, Appendix D",12/2024
M20,Disaster Preparedness & Relief Services,"Instructions for Form 1023, Appendix D",12/2024
M23,Search & Rescue Squads,"Instructions for Form 1023, Appendix D",12/2024
M24,Fire Prevention,"Instructions for Form 1023, Appendix D",12/2024
M40,Safety Education,"Instructions for Form 1023, Appendix D",12/2024
M41,First Aid,"Instructions for Form 1023, Appendix D",12/2024
M42,Automotive Safety,"Instructions for Form 1023, Appendix D",12/2024
M60,Public Safety Benevolent Associations,"Instructions for Form 1023, Appendix D",12/2024
M99,"Public Safety, Disaster Preparedness & Relief N.E.C.","Instructions for Form 1023, Appendix D",12/2024
N01,Alliances & Advocacy,"Instructions for Form 1023, Appendix D",12/2024
N02,Employment Services,"Instructions for Form 1023, Appendix D",12/2024
N03,Professional Societies & Associations,"Instructions for Form 1023, Appendix D",12/2024
N05,Research Institutes & Public Policy Analysis,"Instructions for Form 1023, Appendix D",12/2024
N11,Single Organization Support,"Instructions for Form 1023, Appendix D",12/2024
N12,Fundraising & Fund Distribution,"Instructions for Form 1023, Appendix D",12/2024
N19,Support N.E.C.,"Instructions for Form 1023, Appendix D",12/2024
N20,Camps,"Instructions for Form 1023, Appendix D",12/2024
N2A,RV (Recreational Vehicle) Parks & Campgrounds,"Instructions for Form 1023, Appendix D",12/2024
N2B,Recreational and Vacation Camps (Except Campgrounds),"Instructions for Form 1023, Appendix D",12/2024
N30,Physical Fitness & Community Recreational Facilities,"Instructions for Form 1023, Appendix D",12/2024
N31,Community Recreational Centers,"Instructions for Form 1023, Appendix D",12/2024
N32,Parks & Playgrounds,"Instructions for Form 1023, Appendix D",12/2024
N40,"Sports Training Facilities, Agencies","Instructions for Form 1023, Appendix D",12/2024
N50,Recreational Clubs,"Instructions for Form 1023, Appendix D",12/2024
N52,Fairs,"Instructions for Form 1023, Appendix D",12/2024
N60,Amateur Sports,"Instructions for Form 1023, Appendix D",12/2024
N61,Fishing & Hunting,"Instructions for Form 1023, Appendix D",12/2024
N62,Basketball,"Instructions for Form 1023, Appendix D",12/2024
N63,Baseball & Softball,"Instructions for Form 1023, Appendix D",12/2024
N64,Soccer,"Instructions for Form 1023, Appendix D",12/2024
N65,Football,"Instructions for Form 1023, Appendix D",12/2024
N66,Racquet Sports,"Instructions for Form 1023, Appendix D",12/2024
N67,Swimming & Other Water Recreation,"Instructions for Form 1023, Appendix D",12/2024
N68,Winter Sports,"Instructions for Form 1023, Appendix D",12/2024
N69,Equestrian,"Instructions for Form 1023, Appendix D",12/2024
N6A,Golf,"Instructions for Form 1023, Appendix D",12/2024
N70,Amateur Sports Competitions,"Instructions for Form 1023, Appendix D",12/2024
N71,Olympics,"Instructions for Form 1023, Appendix D",12/2024
N72,Special Olympics,"Instructions for Form 1023, Appendix D",12/2024
N80,Professional Athletic Leagues,"Instructions for Form 1023, Appendix D",12/2024
N99,Recreation & Sports N.E.C.,"Instructions for Form 1023, Appendix D",12/2024
O01,Alliances & Advocacy,"Instructions for Form 1023, Appendix D",12/2024
O02,Management & Technical Assistance,"Instructions for Form 1023, Appendix D",12/2024
O03,Professional Societies & Associations,"Instructions for Form 1023, Appendix D",12/2024
O05,Research Institutes & Public Policy Analysis,"Instructions for Form 1023, Appendix D",12/2024
O11,Single Organization Support,"Instructions for Form 1023, Appendix D",12/2024
O12,Fundraising & Fund Distribution,"Instructions for Form 1023, Appendix D",12/2024
O19,Support N.E.C.,"Instructions for Form 1023, Appendix D",12/2024
O20,Youth Centers & Clubs,"Instructions for Form 1023, Appendix D",12/2024
O21,Boys Clubs,"Instructions for Form 1023, Appendix D",12/2024
O22,Girls Clubs,"Instructions for Form 1023, Appendix D",12/2024
O23,Boys & Girls Clubs,"Instructions for Form 1023, Appendix D",12/2024
O30,Adult & Child - Matching Programs,"Instructions for Form 1023, Appendix D",12/2024
O31,Big Brothers & Big Sisters,"Instructions for Form 1023, Appendix D",12/2024
O40,Scouting,"Instructions for Form 1023, Appendix D",12/2024
O41,Boy Scouts of America,"Instructions for Form 1023, Appendix D",12/2024
O42,Girl Scouts of the U.S.A.,"Instructions for Form 1023, Appendix D",12/2024
O43,Camp Fire,"Instructions for Form 1023, Appendix D",12/2024
O50,Youth Development Programs,"Instructions for Form 1023, Appendix D",12/2024
O51,Youth Community Service Clubs,"Instructions for Form 1023, Appendix D",12/2024
O52,Youth Development - Agricultural,"Instructions for Form 1023, Appendix D",12/2024
O53,Youth Development - Business,"Instructions for Form 1023, Appendix D",12/2024
O54,Youth Development - Citizenship,"Instructions for Form 1023, Appendix D",12/2024
O55,Youth Development - Religious Leadership,"Instructions for Form 1023, Appendix D",12/2024
O99,Youth Development N.E.C.,"Instructions for Form 1023, Appendix D",12/2024
P01,Alliances & Advocacy,"Instructions for Form 1023, Appendix D",12/2024
P02,Management & Technical Assistance,"Instructions for Form 1023, Appendix D",12/2024
P03,Professional Societies & Associations,"Instructions for Form 1023, Appendix D",12/2024
P05,Research Institutes & Public Policy Analysis,"Instructions for Form 1023, Appendix D",12/2024
P11,Single Organization Support,"Instructions for Form 1023, Appendix D",12/2024
P12,Fundraising & Fund Distribution,"Instructions for Form 1023, Appendix D",12/2024
P19,Support N.E.C.,"Instructions for Form 1023, Appendix D",12/2024
P20,Human Service Organizations,"Instructions for Form 1023, Appendix D",12/2024
P21,American Red Cross,"Instructions for Form 1023, Appendix D",12/2024
P22,Urban League,"Instructions for Form 1023, Appendix D",12/2024
P24,Salvation Army,"Instructions for Form 1023, Appendix D",12/2024
P26,Volunteers of America,"Instructions for Form 1023, Appendix D",12/2024
P27,Young Men's or Women Associations,"Instructions for Form 1023, Appendix D",12/2024
P28,Neighborhood Centers,"Instructions for Form 1023, Appendix D",12/2024
P29,Thrift Shops,"Instructions for Form 1023, Appendix D",12/2024
P30,Children & Youth Services,"Instructions for Form 1023, Appendix D",12/2024
P31,Adoption,"Instructions for Form 1023, Appendix D",12/2024
P32,Foster Care,"Instructions for Form 1023, Appendix D",12/2024
P33,Child Day Care,"Instructions for Form 1023, Appendix D",12/2024
P40,Family Services,"Instructions for Form 1023, Appendix D",12/2024
P42,Single Parent Agencies,"Instructions for Form 1023, Appendix D",12/2024
P43,"Family Violence Shelters, Services","Instructions for Form 1023, Appendix D",12/2024
P44,In-Home Assistance,"Instructions for Form 1023, Appendix D",12/2024
P45,Family Services for Adolescent Parents,"Instructions for Form 1023, Appendix D",12/2024
P46,Family Counseling,"Instructions for Form 1023, Appendix D",12/2024
P47,Pregnancy Centers,"Instructions for Form 1023, Appendix D",12/2024
P50,Personal Social Services,"Instructions for Form 1023, Appendix D",12/2024
P51,Financial Counseling,"Instructions for Form 1023, Appendix D",12/2024
P52,Transportation Assistance,"Instructions for Form 1023, Appendix D",12/2024
P58,Gift Distribution,"Instructions for Form 1023, Appendix D",12/2024
P60,Emergency Assistance,"Instructions for Form 1023, Appendix D",12/2024
P61,Travelers' Aid,"Instructions for Form 1023, Appendix D",12/2024
P62,Victims' Services,"Instructions for Form 1023, Appendix D",12/2024
P70,Residential Care & Adult Day Programs,"Instructions for Form 1023, Appendix D",12/2024
P71,Adult Day Care,"Instructions for Form 1023, Appendix D",12/2024
P73,Group Homes,"Instructions for Form 1023, Appendix D",12/2024
P74,Hospices,"Instructions for Form 1023, Appendix D",12/2024
P75,Supportive Housing for Older Adults,"Instructions for Form 1023, Appendix D",12/2024
P76,Homes for Children & Adolescents,"Instructions for Form 1023, Appendix D",12/2024
P7A,"Residential Intellectual & Developmental Disability Facilities (Group Homes, Intermediate Care Facilities & Hospitals)","Instructions for Form 1023, Appendix D",12/2024
P80,Centers to Support the Independence of Specific Populations,"Instructions for Form 1023, Appendix D",12/2024
P81,Senior Centers,"Instructions for Form 1023, Appendix D",12/2024
P82,Developmentally Disabled Centers,"Instructions for Form 1023, Appendix D",12/2024
P83,Womens' Centers,"Instructions for Form 1023, Appendix D",12/2024
P84,Ethnic & Immigrant Centers,"Instructions for Form 1023, Appendix D",12/2024
P85,Homeless Centers,"Instructions for Form 1023, Appendix D",12/2024
P86,Blind & Visually Impaired Centers,"Instructions for Form 1023, Appendix D",12/2024
P87,Deaf & Hearing Impaired Centers,"Instructions for Form 1023, Appendix D",12/2024
P88,LGBT Centers,"Instructions for Form 1023, Appendix D",12/2024
P99,Human Services N.E.C.,"Instructions for Form 1023, Appendix D",12/2024
Q01,Alliances & Advocacy,"Instructions for Form 1023, Appendix D",12/2024
Q02,Management & Technical Assistance,"Instructions for Form 1023, Appendix D",12/2024
Q03,Professional Societies & Associations,"Instructions for Form 1023, Appendix D",12/2024
Q05,Research Institutes & Public Policy Analysis,"Instructions for Form 1023, Appendix D",12/2024
Q11,Single Organization Support,"Instructions for Form 1023, Appendix D",12/2024
Q12,Fundraising & Fund Distribution,"Instructions for Form 1023, Appendix D",12/2024
Q19,Support N.E.C.,"Instructions for Form 1023, Appendix D",12/2024
Q20,Promotion of International Understanding,"Instructions for Form 1023, Appendix D",12/2024
Q21,International Cultural Exchange,"Instructions for Form 1023, Appendix D",12/2024
Q22,International Academic Exchange,"Instructions for Form 1023, Appendix D",12/2024
Q23,International Exchange N.E.C.,"Instructions for Form 1023, Appendix D",12/2024
Q30,International Development,"Instructions for Form 1023, Appendix D",12/2024
Q31,International Agricultural Development,"Instructions for Form 1023, Appendix D",12/2024
Q32,International Economic Development,"Instructions for Form 1023, Appendix D",12/2024
Q33,International Relief,"Instructions for Form 1023, Appendix D",12/2024
Q35,International Democracy & Civil Society Development,"Instructions for Form 1023, Appendix D",12/2024
Q40,International Peace & Security,"Instructions for Form 1023, Appendix D",12/2024
Q41,Arms Control & Peace,"Instructions for Form 1023, Appendix D",12/2024
Q42,United Nations Associations,"Instructions for Form 1023, Appendix D",12/2024
Q43,National Security,"Instructions for Form 1023, Appendix D",12/2024
Q50,"International Affairs, Foreign Policy & Globalization","Instructions for Form 1023, Appendix D",12/2024
Q51,International Economic & Trade Policy,"Instructions for Form 1023, Appendix D",12/2024
Q70,International Human Rights,"Instructions for Form 1023, Appendix D",12/2024
Q71,International Migration & Refugee Issues,"Instructions for Form 1023, Appendix D",12/2024
Q99,"International, Foreign Affairs & National Security N.E.C.","Instructions for Form 1023, Appendix D",12/2024
R01,Alliances & Advocacy Organizations,"Instructions for Form 1023, Appendix D",12/2024
R02,Management & Technical Assistance,"Instructions for Form 1023, Appendix D",12/2024
R03,Professional Societies & Associations,"Instructions for Form 1023, Appendix D",12/2024
R05,Research Institutes & Public Policy Analysis,"Instructions for Form 1023, Appendix D",12/2024
R11,Single Organization Support,"Instructions for Form 1023, Appendix D",12/2024
R12,Fundraising & Fund Distribution,"Instructions for Form 1023, Appendix D",12/2024
R19,Support N.E.C.,"Instructions for Form 1023, Appendix D",12/2024
R20,Civil Rights,"Instructions for Form 1023, Appendix D",12/2024
R22,Minority Rights,"Instructions for Form 1023, Appendix D",12/2024
R23,Disabled Persons' Rights,"Instructions for Form 1023, Appendix D",12/2024
R24,Womens' Rights,"Instructions for Form 1023, Appendix D",12/2024
R25,Seniors' Rights,"Instructions for Form 1023, Appendix D",12/2024
R26,Lesbian & Gay Rights,"Instructions for Form 1023, Appendix D",12/2024
R28,Childrens' Rights,"Instructions for Form 1023, Appendix D",12/2024
R30,Intergroup & Race Relations,"Instructions for Form 1023, Appendix D",12/2024
R40,Voter Education & Registration,"Instructions for Form 1023, Appendix D",12/2024
R60,Civil Liberties,"Instructions for Form 1023, Appendix D",12/2024
R61,Reproductive Rights,"Instructions for Form 1023, Appendix D",12/2024
R62,Right to Life,"Instructions for Form 1023, Appendix D",12/2024
R63,"Censorship, Freedom of Speech & Press","Instructions for Form 1023, Appendix D",12/2024
R67,Right to Die & Euthanasia,"Instructions for Form 1023, Appendix D",12/2024
R99,"Civil Rights, Social Action & Advocacy N.E.C.","Instructions for Form 1023, Appendix D",12/2024
S01,Alliances & Advocacy,"Instructions for Form 1023, Appendix D",12/2024
S02,Management & Technical Assistance,"Instructions for Form 1023, Appendix D",12/2024
S03,Professional Societies & Associations,"Instructions for Form 1023, Appendix D",12/2024
S05,Research Institutes & Public Policy Analysis,"Instructions for Form 1023, Appendix D",12/2024
S11,Single Organization Support,"Instructions for Form 1023, Appendix D",12/2024
S12,Fund Raising & Fund Distribution,"Instructions for Form 1023, Appendix D",12/2024
S19,Support N.E.C.,"Instructions for Form 1023, Appendix D",12/2024
S20,Community & Neighborhood Development,"Instructions for Form 1023, Appendix D",12/2024
S21,Community Coalitions,"Instructions for Form 1023, Appendix D",12/2024
S22,Neighborhood & Block Associations,"Instructions for Form 1023, Appendix D",12/2024
S30,Economic Development,"Instructions for Form 1023, Appendix D",12/2024
S31,Urban & Community Economic Development,"Instructions for Form 1023, Appendix D",12/2024
S32,Rural Economic Development,"Instructions for Form 1023, Appendix D",12/2024
S40,Business & Industry,"Instructions for Form 1023, Appendix D",12/2024
S41,Chambers of Commerce & Business Leagues,"Instructions for Form 1023, Appendix D",12/2024
S43,Small Business Development,"Instructions for Form 1023, Appendix D",12/2024
S46,Boards of Trade,"Instructions for Form 1023, Appendix D",12/2024
S47,Real Estate Associations,"Instructions for Form 1023, Appendix D",12/2024
S50,Nonprofit Management,"Instructions for Form 1023, Appendix D",12/2024
S80,Community Service Clubs,"Instructions for Form 1023, Appendix D",12/2024
S81,Womens' Service Clubs,"Instructions for Form 1023, Appendix D",12/2024
S82,Mens' Service Clubs,"Instructions for Form 1023, Appendix D",12/2024
S99,Community Improvement & Capacity Building N.E.C.,"Instructions for Form 1023, Appendix D",12/2024
T01,Alliances & Advocacy,"Instructions for Form 1023, Appendix D",12/2024
T02,Management & Technical Assistance,"Instructions for Form 1023, Appendix D",12/2024
T03,Professional Societies & Associations,"Instructions for Form 1023, Appendix D",12/2024
T05,Research Institutes & Public Policy Analysis,"Instructions for Form 1023, Appendix D",12/2024
T11,Single Organization Support,"Instructions for Form 1023, Appendix D",12/2024
T12,Fundraising & Fund Distribution,"Instructions for Form 1023, Appendix D",12/2024
T19,Support N.E.C.,"Instructions for Form 1023, Appendix D",12/2024
T20,Private Grantmaking Foundations,"Instructions for Form 1023, Appendix D",12/2024
T21,Corporate Foundations,"Instructions for Form 1023, Appendix D",12/2024
T22,Private Independent Foundations,"Instructions for Form 1023, Appendix D",12/2024
T23,Private Operating Foundations,"Instructions for Form 1023, Appendix D",12/2024
T30,Public Foundations,"Instructions for Form 1023, Appendix D",12/2024
T31,Community Foundations,"Instructions for Form 1023, Appendix D",12/2024
T40,Volunteerism Promotion,"Instructions for Form 1023, Appendix D",12/2024
T50,"Philanthropy, Charity & Volunteerism Promotion","Instructions for Form 1023, Appendix D",12/2024
T70,Federated Giving Programs,"Instructions for Form 1023, Appendix D",12/2024
T90,Named Trusts N.E.C.,"Instructions for Form 1023, Appendix D",12/2024
T99,"Philanthropy, Voluntarism & Grantmaking Foundations N.E.C.","Instructions for Form 1023, Appendix D",12/2024
U01,Alliances & Advocacy,"Instructions for Form 1023, Appendix D",12/2024
U02,Management & Technical Assistance,"Instructions for Form 1023, Appendix D",12/2024
U03,Professional Societies & Associations,"Instructions for Form 1023, Appendix D",12/2024
U05,Research Institutes & Public Policy Analysis,"Instructions for Form 1023, Appendix D",12/2024
U11,Single Organization Support,"Instructions for Form 1023, Appendix D",12/2024
U12,Fundraising & Fund Distribution,"Instructions for Form 1023, Appendix D",12/2024
U19,Support N.E.C.,"Instructions for Form 1023, Appendix D",12/2024
U20,General Science,"Instructions for Form 1023, Appendix D",12/2024
U21,Marine Science & Oceanography,"Instructions for Form 1023, Appendix D",12/2024
U30,Physical & Earth Sciences,"Instructions for Form 1023, Appendix D",12/2024
U31,Astronomy,"Instructions for Form 1023, Appendix D",12/2024
U33,Chemistry & Chemical Engineering,"Instructions for Form 1023, Appendix D",12/2024
U34,Mathematics,"Instructions for Form 1023, Appendix D",12/2024
U36,Geology,"Instructions for Form 1023, Appendix D",12/2024
U40,Engineering & Technology,"Instructions for Form 1023, Appendix D",12/2024
U41,Computer Science,"Instructions for Form 1023, Appendix D",12/2024
U42,Engineering,"Instructions for Form 1023, Appendix D",12/2024
U50,Biological & Life Sciences Research,"Instructions for Form 1023, Appendix D",12/2024
U99,Science & Technology N.E.C.,"Instructions for Form 1023, Appendix D",12/2024
V01,Alliances & Advocacy,"Instructions for Form 1023, Appendix D",12/2024
V02,Management & Technical Assistance,"Instructions for Form 1023, Appendix D",12/2024
V03,Professional Societies & Associations,"Instructions for Form 1023, Appendix D",12/2024
V05,Research Institutes & Public Policy Analysis,"Instructions for Form 1023, Appendix D",12/2024
V11,Single Organization Support,"Instructions for Form 1023, Appendix D",12/2024
V12,Fund Raising & Fund Distribution,"Instructions for Form 1023, Appendix D",12/2024
V19,Support N.E.C.,"Instructions for Form 1023, Appendix D",12/2024
V20,Social Science,"Instructions for Form 1023, Appendix D",12/2024
V21,Anthropology & Sociology,"Instructions for Form 1023, Appendix D",12/2024
V22,Economics,"Instructions for Form 1023, Appendix D",12/2024
V23,Behavioral Science,"Instructions for Form 1023, Appendix D",12/2024
V24,Political Science,"Instructions for Form 1023, Appendix D",12/2024
V25,Population Studies,"Instructions for Form 1023, Appendix D",12/2024
V26,Law & Jurisprudence,"Instructions for Form 1023, Appendix D",12/2024
V30,Interdisciplinary Research,"Instructions for Form 1023, Appendix D",12/2024
V31,Black Studies,"Instructions for Form 1023, Appendix D",12/2024
V32,Women's Study,"Instructions for Form 1023, Appendix D",12/2024
V33,Ethnic Studies,"Instructions for Form 1023, Appendix D",12/2024
V34,Urban Studies,"Instructions for Form 1023, Appendix D",12/2024
V35,International Studies,"Instructions for Form 1023, Appendix D",12/2024
V36,Gerontology,"Instructions for Form 1023, Appendix D",12/2024
V37,Labor Studies,"Instructions for Form 1023, Appendix D",12/2024
V99,Social Science N.E.C.,"Instructions for Form 1023, Appendix D",12/2024
W01,Alliances & Advocacy,"Instructions for Form 1023, Appendix D",12/2024
W02,Management & Technical Assistance,"Instructions for Form 1023, Appendix D",12/2024
W03,Professional Societies & Associations,"Instructions for Form 1023, Appendix D",12/2024
W05,Research Institutes & Public Policy Analysis,"Instructions for Form 1023, Appendix D",12/2024
W11,Single Organization Support,"Instructions for Form 1023, Appendix D",12/2024
W12,Fundraising & Fund Distribution,"Instructions for Form 1023, Appendix D",12/2024
W19,Support N.E.C.,"Instructions for Form 1023, Appendix D",12/2024
W20,Government & Public Administration,"Instructions for Form 1023, Appendix D",12/2024
W22,"Public Finance, Taxation & Monetary Policy","Instructions for Form 1023, Appendix D",12/2024
W24,Citizen Participation,"Instructions for Form 1023, Appendix D",12/2024
W30,Military & Veterans' Organizations,"Instructions for Form 1023, Appendix D",12/2024
W40,Public Transportation Systems,"Instructions for Form 1023, Appendix D",12/2024
W50,Telecommunications,"Instructions for Form 1023, Appendix D",12/2024
W60,Financial Institutions,"Instructions for Form 1023, Appendix D",12/2024
W61,Credit Unions,"Instructions for Form 1023, Appendix D",12/2024
W70,Leadership Development,"Instructions for Form 1023, Appendix D",12/2024
W80,Public Utilities,"Instructions for Form 1023, Appendix D",12/2024
W90,Consumer Protection,"Instructions for Form 1023, Appendix D",12/2024
W99,Public & Societal Benefit N.E.C.,"Instructions for Form 1023, Appendix D",12/2024
X01,Alliances & Advocacy,"Instructions for Form 1023, Appendix D",12/2024
X02,Management & Technical Assistance,"Instructions for Form 1023, Appendix D",12/2024
X03,Professional Societies & Associations,"Instructions for Form 1023, Appendix D",12/2024
X05,Research Institutes & Public Policy Analysis,"Instructions for Form 1023, Appendix D",12/2024
X11,Single Organization Support,"Instructions for Form 1023, Appendix D",12/2024
X12,Fundraising & Fund Distribution,"Instructions for Form 1023, Appendix D",12/2024
X19,Support N.E.C.,"Instructions for Form 1023, Appendix D",12/2024
X20,Christianity,"Instructions for Form 1023, Appendix D",12/2024
X21,Protestant,"Instructions for Form 1023, Appendix D",12/2024
X22,Roman Catholic,"Instructions for Form 1023, Appendix D",12/2024
X30,Judaism,"Instructions for Form 1023, Appendix D",12/2024
X40,Islam,"Instructions for Form 1023, Appendix D",12/2024
X50,Buddhism,"Instructions for Form 1023, Appendix D",12/2024
X70,Hinduism,"Instructions for Form 1023, Appendix D",12/2024
X80,Religious Media & Communications,"Instructions for Form 1023, Appendix D",12/2024
X81,Religious Film & Video,"Instructions for Form 1023, Appendix D",12/2024
X82,Religious Television,"Instructions for Form 1023, Appendix D",12/2024
X83,Religious Printing & Publishing,"Instructions for Form 1023, Appendix D",12/2024
X84,Religious Radio,"Instructions for Form 1023, Appendix D",12/2024
X90,Interfaith Coalitions,"Instructions for Form 1023, Appendix D",12/2024
X99,"Religion Related, N.E.C.","Instructions for Form 1023, Appendix D",12/2024
Y01,Alliances & Advocacy,"Instructions for Form 1023, Appendix D",12/2024
Y02,Management & Technical Assistance,"Instructions for Form 1023, Appendix D",12/2024
Y03,Professional Societies & Associations,"Instructions for Form 1023, Appendix D",12/2024
Y05,Research Institutes & Public Policy Analysis,"Instructions for Form 1023, Appendix D",12/2024
Y11,Single Organization Support,"Instructions for Form 1023, Appendix D",12/2024
Y12,Fundraising & Fund Distribution,"Instructions for Form 1023, Appendix D",12/2024
Y19,Support N.E.C.,"Instructions for Form 1023, Appendix D",12/2024
Y20,Insurance Providers,"Instructions for Form 1023, Appendix D",12/2024
Y22,Local Benevolent Life Insurance Associations,"Instructions for Form 1023, Appendix D",12/2024
Y23,Mutual Insurance Companies & Associations,"Instructions for Form 1023, Appendix D",12/2024
Y24,Supplemental Unemployment Compensation,"Instructions for Form 1023, Appendix D",12/2024
Y25,State-Sponsored Workers' Compensation Reinsurance Organizations,"Instructions for Form 1023, Appendix D",12/2024
Y30,Pension & Retirement Funds,"Instructions for Form 1023, Appendix D",12/2024
Y33,Teachers' Retirement Fund Associations,"Instructions for Form 1023, Appendix D",12/2024
Y34,Employee-Funded Pension Trusts,"Instructions for Form 1023, Appendix D",12/2024
Y35,Multi-Employer Pension Plans,"Instructions for Form 1023, Appendix D",12/2024
Y40,Fraternal Societies,"Instructions for Form 1023, Appendix D",12/2024
Y41,Fraternal Beneficiary Societies,"Instructions for Form 1023, Appendix D",12/2024
Y42,Domestic Fraternal Societies,"Instructions for Form 1023, Appendix D",12/2024
Y43,Voluntary Employees Beneficiary Associations (Non-Government),"Instructions for Form 1023, Appendix D",12/2024
Y44,Voluntary Employees Beneficiary Associations (Government),"Instructions for Form 1023, Appendix D",12/2024
Y50,Cemeteries,"Instructions for Form 1023, Appendix D",12/2024
Y99,Mutual & Membership Benefit N.E.C.,"Instructions for Form 1023, Appendix D",12/2024
