geo_state_abbr,lat2,lon2,geo_county_fips,state_fips,geo_county_canonical,area_share,straddle,tiger_year
CT,41.17,-73.11,09120,09,Greater Bridgeport Planning Region,0.5,TRUE,2023
CT,41.17,-73.32,09120,09,Greater Bridgeport Planning Region,0.52,TRUE,2023
CT,41.21,-73.33,09190,09,Western Connecticut Planning Region,0.52,TRUE,2023
CT,41.26,-73.15,09120,09,Greater Bridgeport Planning Region,0.52,TRUE,2023
CT,41.26,-73.1,09140,09,Naugatuck Valley Planning Region,0.52,TRUE,2023
CT,41.28,-72.55,09130,09,Lower Connecticut River Valley Planning Region,0.52,TRUE,2023
CT,41.31,-73.06,09170,09,South Central Connecticut Planning Region,0.52,TRUE,2023
CT,41.32,-73.19,09120,09,Greater Bridgeport Planning Region,0.52,TRUE,2023
CT,41.32,-73.04,09170,09,South Central Connecticut Planning Region,0.52,TRUE,2023
CT,41.38,-73.16,09120,09,Greater Bridgeport Planning Region,0.52,TRUE,2023
CT,41.39,-72.28,09130,09,Lower Connecticut River Valley Planning Region,0.52,TRUE,2023
CT,41.41,-73.19,09140,09,Naugatuck Valley Planning Region,0.52,TRUE,2023
CT,41.42,-72.28,09130,09,Lower Connecticut River Valley Planning Region,0.52,TRUE,2023
CT,41.46,-73.3,09190,09,Western Connecticut Planning Region,0.52,TRUE,2023
CT,41.46,-72.92,09140,09,Naugatuck Valley Planning Region,0.52,TRUE,2023
CT,41.47,-73.31,09140,09,Naugatuck Valley Planning Region,0.52,TRUE,2023
CT,41.54,-72.44,09180,09,Southeastern Connecticut Planning Region,0.52,TRUE,2023
CT,41.55,-73.26,09160,09,Northwest Hills Planning Region,0.52,TRUE,2023
CT,41.55,-71.87,09180,09,Southeastern Connecticut Planning Region,0.52,TRUE,2023
CT,41.56,-72.92,09110,09,Capitol Planning Region,0.52,TRUE,2023
CT,41.6,-73.35,09190,09,Western Connecticut Planning Region,0.52,TRUE,2023
CT,41.6,-72.41,09110,09,Capitol Planning Region,0.52,TRUE,2023
CT,41.6,-72.37,09110,09,Capitol Planning Region,0.52,TRUE,2023
CT,41.63,-72.7,09110,09,Capitol Planning Region,0.52,TRUE,2023
CT,41.64,-72.57,09110,09,Capitol Planning Region,0.52,TRUE,2023
CT,41.65,-72.05,09180,09,Southeastern Connecticut Planning Region,0.52,TRUE,2023
CT,41.66,-72.11,09180,09,Southeastern Connecticut Planning Region,0.52,TRUE,2023
CT,41.67,-73.38,09160,09,Northwest Hills Planning Region,0.52,TRUE,2023
CT,41.67,-72.28,09180,09,Southeastern Connecticut Planning Region,0.52,TRUE,2023
CT,41.67,-72.12,09180,09,Southeastern Connecticut Planning Region,0.52,TRUE,2023
CT,41.68,-73.41,09190,09,Western Connecticut Planning Region,0.52,TRUE,2023
CT,41.71,-73.04,09160,09,Northwest Hills Planning Region,0.52,TRUE,2023
CT,41.72,-72.93,09160,09,Northwest Hills Planning Region,0.52,TRUE,2023
CT,41.72,-72.12,09150,09,Northeastern Connecticut Planning Region,0.52,TRUE,2023
CT,41.73,-72.2,09110,09,Capitol Planning Region,0.52,TRUE,2023
CT,41.75,-72.13,09150,09,Northeastern Connecticut Planning Region,0.52,TRUE,2023
CT,41.78,-72.92,09160,09,Northwest Hills Planning Region,0.52,TRUE,2023
CT,41.79,-72.16,09150,09,Northeastern Connecticut Planning Region,0.52,TRUE,2023
CT,41.83,-72.94,09110,09,Capitol Planning Region,0.52,TRUE,2023
CT,41.91,-72.91,09110,09,Capitol Planning Region,0.52,TRUE,2023
CT,42.02,-72.87,09160,09,Northwest Hills Planning Region,0.52,TRUE,2023
CT,41.21,-73.11,09170,09,South Central Connecticut Planning Region,0.56,TRUE,2023
CT,41.22,-73.11,09120,09,Greater Bridgeport Planning Region,0.56,TRUE,2023
CT,41.23,-73.33,09190,09,Western Connecticut Planning Region,0.56,TRUE,2023
CT,41.24,-73.1,09170,09,South Central Connecticut Planning Region,0.56,TRUE,2023
CT,41.29,-73.33,09190,09,Western Connecticut Planning Region,0.56,TRUE,2023
CT,41.29,-73.07,09140,09,Naugatuck Valley Planning Region,0.56,TRUE,2023
CT,41.33,-73.31,09120,09,Greater Bridgeport Planning Region,0.56,TRUE,2023
CT,41.33,-73.04,09140,09,Naugatuck Valley Planning Region,0.56,TRUE,2023
CT,41.33,-72.26,09130,09,Lower Connecticut River Valley Planning Region,0.56,TRUE,2023
CT,41.34,-73.29,09120,09,Greater Bridgeport Planning Region,0.56,TRUE,2023
CT,41.35,-73.27,09120,09,Greater Bridgeport Planning Region,0.56,TRUE,2023
CT,41.35,-72.27,09180,09,Southeastern Connecticut Planning Region,0.56,TRUE,2023
CT,41.36,-73.25,09120,09,Greater Bridgeport Planning Region,0.56,TRUE,2023
CT,41.39,-73.19,09190,09,Western Connecticut Planning Region,0.56,TRUE,2023
CT,41.42,-73.04,09140,09,Naugatuck Valley Planning Region,0.56,TRUE,2023
CT,41.44,-72.74,09170,09,South Central Connecticut Planning Region,0.56,TRUE,2023
CT,41.45,-72.89,09140,09,Naugatuck Valley Planning Region,0.56,TRUE,2023
CT,41.46,-73.02,09170,09,South Central Connecticut Planning Region,0.56,TRUE,2023
CT,41.46,-72.31,09130,09,Lower Connecticut River Valley Planning Region,0.56,TRUE,2023
CT,41.47,-72.87,09170,09,South Central Connecticut Planning Region,0.56,TRUE,2023
CT,41.5,-72.32,09130,09,Lower Connecticut River Valley Planning Region,0.56,TRUE,2023
CT,41.51,-73.27,09140,09,Naugatuck Valley Planning Region,0.56,TRUE,2023
CT,41.51,-71.83,09180,09,Southeastern Connecticut Planning Region,0.56,TRUE,2023
CT,41.53,-72.86,09140,09,Naugatuck Valley Planning Region,0.56,TRUE,2023
CT,41.53,-72.37,09130,09,Lower Connecticut River Valley Planning Region,0.56,TRUE,2023
CT,41.55,-73.34,09160,09,Northwest Hills Planning Region,0.56,TRUE,2023
CT,41.56,-72.75,09130,09,Lower Connecticut River Valley Planning Region,0.56,TRUE,2023
CT,41.58,-72.94,09110,09,Capitol Planning Region,0.56,TRUE,2023
CT,41.59,-72.42,09180,09,Southeastern Connecticut Planning Region,0.56,TRUE,2023
CT,41.6,-72.73,09110,09,Capitol Planning Region,0.56,TRUE,2023
CT,41.6,-72.36,09110,09,Capitol Planning Region,0.56,TRUE,2023
CT,41.6,-72.34,09180,09,Southeastern Connecticut Planning Region,0.56,TRUE,2023
CT,41.61,-71.88,09150,09,Northeastern Connecticut Planning Region,0.56,TRUE,2023
CT,41.63,-72.33,09110,09,Capitol Planning Region,0.56,TRUE,2023
CT,41.64,-71.99,09180,09,Southeastern Connecticut Planning Region,0.56,TRUE,2023
CT,41.64,-71.9,09150,09,Northeastern Connecticut Planning Region,0.56,TRUE,2023
CT,41.65,-73.26,09160,09,Northwest Hills Planning Region,0.56,TRUE,2023
CT,41.67,-73.5,09160,09,Northwest Hills Planning Region,0.56,TRUE,2023
CT,41.67,-73.16,09140,09,Naugatuck Valley Planning Region,0.56,TRUE,2023
CT,41.68,-72.89,09140,09,Naugatuck Valley Planning Region,0.56,TRUE,2023
CT,41.69,-72.27,09110,09,Capitol Planning Region,0.56,TRUE,2023
CT,41.73,-72.9,09160,09,Northwest Hills Planning Region,0.56,TRUE,2023
CT,41.84,-72.94,09160,09,Northwest Hills Planning Region,0.56,TRUE,2023
CT,41.94,-72.9,09160,09,Northwest Hills Planning Region,0.56,TRUE,2023
CT,41.99,-72.22,09110,09,Capitol Planning Region,0.56,TRUE,2023
CT,41.2,-73.11,09170,09,South Central Connecticut Planning Region,0.6,TRUE,2023
CT,41.23,-73.11,09120,09,Greater Bridgeport Planning Region,0.6,TRUE,2023
CT,41.25,-73.09,09120,09,Greater Bridgeport Planning Region,0.6,TRUE,2023
CT,41.27,-73.17,09140,09,Naugatuck Valley Planning Region,0.6,TRUE,2023
CT,41.27,-73.16,09140,09,Naugatuck Valley Planning Region,0.6,TRUE,2023
CT,41.3,-72.25,09130,09,Lower Connecticut River Valley Planning Region,0.6,TRUE,2023
CT,41.36,-73.17,09120,09,Greater Bridgeport Planning Region,0.6,TRUE,2023
CT,41.37,-72.61,09170,09,South Central Connecticut Planning Region,0.6,TRUE,2023
CT,41.38,-73.2,09120,09,Greater Bridgeport Planning Region,0.6,TRUE,2023
CT,41.38,-73.05,09140,09,Naugatuck Valley Planning Region,0.6,TRUE,2023
CT,41.39,-73.18,09140,09,Naugatuck Valley Planning Region,0.6,TRUE,2023
CT,41.4,-72.28,09180,09,Southeastern Connecticut Planning Region,0.6,TRUE,2023
CT,41.43,-73.24,09140,09,Naugatuck Valley Planning Region,0.6,TRUE,2023
CT,41.43,-73.23,09140,09,Naugatuck Valley Planning Region,0.6,TRUE,2023
CT,41.43,-72.71,09130,09,Lower Connecticut River Valley Planning Region,0.6,TRUE,2023
CT,41.43,-72.7,09170,09,South Central Connecticut Planning Region,0.6,TRUE,2023
CT,41.45,-73.29,09140,09,Naugatuck Valley Planning Region,0.6,TRUE,2023
CT,41.47,-73,09140,09,Naugatuck Valley Planning Region,0.6,TRUE,2023
CT,41.47,-72.99,09140,09,Naugatuck Valley Planning Region,0.6,TRUE,2023
CT,41.47,-72.31,09180,09,Southeastern Connecticut Planning Region,0.6,TRUE,2023
CT,41.5,-72.85,09140,09,Naugatuck Valley Planning Region,0.6,TRUE,2023
CT,41.51,-73.28,09160,09,Northwest Hills Planning Region,0.6,TRUE,2023
CT,41.51,-73.26,09140,09,Naugatuck Valley Planning Region,0.6,TRUE,2023
CT,41.51,-71.82,09150,09,Northeastern Connecticut Planning Region,0.6,TRUE,2023
CT,41.53,-72.38,09180,09,Southeastern Connecticut Planning Region,0.6,TRUE,2023
CT,41.53,-72.36,09130,09,Lower Connecticut River Valley Planning Region,0.6,TRUE,2023
CT,41.54,-72.75,09170,09,South Central Connecticut Planning Region,0.6,TRUE,2023
CT,41.55,-72.75,09170,09,South Central Connecticut Planning Region,0.6,TRUE,2023
CT,41.56,-73.26,09140,09,Naugatuck Valley Planning Region,0.6,TRUE,2023
CT,41.56,-72.93,09110,09,Capitol Planning Region,0.6,TRUE,2023
CT,41.56,-72.91,09140,09,Naugatuck Valley Planning Region,0.6,TRUE,2023
CT,41.57,-72.84,09110,09,Capitol Planning Region,0.6,TRUE,2023
CT,41.57,-72.83,09110,09,Capitol Planning Region,0.6,TRUE,2023
CT,41.57,-72.75,09130,09,Lower Connecticut River Valley Planning Region,0.6,TRUE,2023
CT,41.59,-72.47,09110,09,Capitol Planning Region,0.6,TRUE,2023
CT,41.59,-72.43,09110,09,Capitol Planning Region,0.6,TRUE,2023
CT,41.6,-72.35,09110,09,Capitol Planning Region,0.6,TRUE,2023
CT,41.62,-72.49,09130,09,Lower Connecticut River Valley Planning Region,0.6,TRUE,2023
CT,41.63,-72.69,09130,09,Lower Connecticut River Valley Planning Region,0.6,TRUE,2023
CT,41.64,-72.58,09110,09,Capitol Planning Region,0.6,TRUE,2023
CT,41.64,-72.56,09130,09,Lower Connecticut River Valley Planning Region,0.6,TRUE,2023
CT,41.64,-71.98,09150,09,Northeastern Connecticut Planning Region,0.6,TRUE,2023
CT,41.64,-71.91,09150,09,Northeastern Connecticut Planning Region,0.6,TRUE,2023
CT,41.64,-71.89,09180,09,Southeastern Connecticut Planning Region,0.6,TRUE,2023
CT,41.65,-72.89,09140,09,Naugatuck Valley Planning Region,0.6,TRUE,2023
CT,41.65,-72.04,09150,09,Northeastern Connecticut Planning Region,0.6,TRUE,2023
CT,41.66,-73.26,09140,09,Naugatuck Valley Planning Region,0.6,TRUE,2023
CT,41.67,-73.49,09190,09,Western Connecticut Planning Region,0.6,TRUE,2023
CT,41.67,-73.19,09160,09,Northwest Hills Planning Region,0.6,TRUE,2023
CT,41.67,-73.18,09160,09,Northwest Hills Planning Region,0.6,TRUE,2023
CT,41.67,-73.17,09160,09,Northwest Hills Planning Region,0.6,TRUE,2023
CT,41.67,-73.15,09140,09,Naugatuck Valley Planning Region,0.6,TRUE,2023
CT,41.68,-73.42,09160,09,Northwest Hills Planning Region,0.6,TRUE,2023
CT,41.68,-73.4,09190,09,Western Connecticut Planning Region,0.6,TRUE,2023
CT,41.68,-72.12,09150,09,Northeastern Connecticut Planning Region,0.6,TRUE,2023
CT,41.69,-72.12,09150,09,Northeastern Connecticut Planning Region,0.6,TRUE,2023
CT,41.7,-72.12,09150,09,Northeastern Connecticut Planning Region,0.6,TRUE,2023
CT,41.71,-73.05,09160,09,Northwest Hills Planning Region,0.6,TRUE,2023
CT,41.71,-73.03,09140,09,Naugatuck Valley Planning Region,0.6,TRUE,2023
CT,41.72,-72.94,09160,09,Northwest Hills Planning Region,0.6,TRUE,2023
CT,41.72,-72.92,09140,09,Naugatuck Valley Planning Region,0.6,TRUE,2023
CT,41.72,-72.9,09140,09,Naugatuck Valley Planning Region,0.6,TRUE,2023
CT,41.73,-72.24,09110,09,Capitol Planning Region,0.6,TRUE,2023
CT,41.73,-72.23,09110,09,Capitol Planning Region,0.6,TRUE,2023
CT,41.73,-72.22,09110,09,Capitol Planning Region,0.6,TRUE,2023
CT,41.73,-72.21,09110,09,Capitol Planning Region,0.6,TRUE,2023
CT,41.75,-72.17,09180,09,Southeastern Connecticut Planning Region,0.6,TRUE,2023
CT,41.75,-72.14,09180,09,Southeastern Connecticut Planning Region,0.6,TRUE,2023
CT,41.78,-72.16,09110,09,Capitol Planning Region,0.6,TRUE,2023
CT,41.8,-72.16,09150,09,Northeastern Connecticut Planning Region,0.6,TRUE,2023
CT,41.81,-72.93,09110,09,Capitol Planning Region,0.6,TRUE,2023
CT,41.99,-72.88,09110,09,Capitol Planning Region,0.6,TRUE,2023
CT,41.19,-73.12,09120,09,Greater Bridgeport Planning Region,0.64,TRUE,2023
CT,41.31,-73.05,09170,09,South Central Connecticut Planning Region,0.64,TRUE,2023
CT,41.37,-73.21,09190,09,Western Connecticut Planning Region,0.64,TRUE,2023
CT,41.38,-72.28,09130,09,Lower Connecticut River Valley Planning Region,0.64,TRUE,2023
CT,41.39,-73.05,09140,09,Naugatuck Valley Planning Region,0.64,TRUE,2023
CT,41.41,-72.28,09180,09,Southeastern Connecticut Planning Region,0.64,TRUE,2023
CT,41.43,-73.22,09140,09,Naugatuck Valley Planning Region,0.64,TRUE,2023
CT,41.44,-72.28,09180,09,Southeastern Connecticut Planning Region,0.64,TRUE,2023
CT,41.46,-72.93,09170,09,South Central Connecticut Planning Region,0.64,TRUE,2023
CT,41.47,-73.3,09140,09,Naugatuck Valley Planning Region,0.64,TRUE,2023
CT,41.51,-72.85,09140,09,Naugatuck Valley Planning Region,0.64,TRUE,2023
CT,41.51,-72.32,09180,09,Southeastern Connecticut Planning Region,0.64,TRUE,2023
CT,41.51,-71.84,09180,09,Southeastern Connecticut Planning Region,0.64,TRUE,2023
CT,41.53,-72.39,09180,09,Southeastern Connecticut Planning Region,0.64,TRUE,2023
CT,41.54,-73.26,09160,09,Northwest Hills Planning Region,0.64,TRUE,2023
CT,41.57,-72.46,09130,09,Lower Connecticut River Valley Planning Region,0.64,TRUE,2023
CT,41.59,-72.75,09130,09,Lower Connecticut River Valley Planning Region,0.64,TRUE,2023
CT,41.59,-72.39,09180,09,Southeastern Connecticut Planning Region,0.64,TRUE,2023
CT,41.6,-71.88,09180,09,Southeastern Connecticut Planning Region,0.64,TRUE,2023
CT,41.64,-72.5,09110,09,Capitol Planning Region,0.64,TRUE,2023
CT,41.66,-72.1,09150,09,Northeastern Connecticut Planning Region,0.64,TRUE,2023
CT,41.69,-72.89,09110,09,Capitol Planning Region,0.64,TRUE,2023
CT,41.7,-73.08,09140,09,Naugatuck Valley Planning Region,0.64,TRUE,2023
CT,41.72,-72.91,09140,09,Naugatuck Valley Planning Region,0.64,TRUE,2023
CT,41.75,-72.19,09110,09,Capitol Planning Region,0.64,TRUE,2023
CT,41.75,-72.16,09180,09,Southeastern Connecticut Planning Region,0.64,TRUE,2023
CT,41.77,-72.16,09110,09,Capitol Planning Region,0.64,TRUE,2023
CT,41.86,-72.95,09110,09,Capitol Planning Region,0.64,TRUE,2023
CT,41.96,-72.23,09150,09,Northeastern Connecticut Planning Region,0.64,TRUE,2023
CT,41.97,-72.23,09110,09,Capitol Planning Region,0.64,TRUE,2023
CT,41.14,-73.3,09190,09,Western Connecticut Planning Region,0.68,TRUE,2023
CT,41.26,-73.14,09140,09,Naugatuck Valley Planning Region,0.68,TRUE,2023
CT,41.26,-73.13,09120,09,Greater Bridgeport Planning Region,0.68,TRUE,2023
CT,41.26,-73.09,09140,09,Naugatuck Valley Planning Region,0.68,TRUE,2023
CT,41.27,-73.09,09140,09,Naugatuck Valley Planning Region,0.68,TRUE,2023
CT,41.28,-73.36,09190,09,Western Connecticut Planning Region,0.68,TRUE,2023
CT,41.28,-73.35,09120,09,Greater Bridgeport Planning Region,0.68,TRUE,2023
CT,41.3,-73.31,09190,09,Western Connecticut Planning Region,0.68,TRUE,2023
CT,41.33,-72.61,09130,09,Lower Connecticut River Valley Planning Region,0.68,TRUE,2023
CT,41.35,-72.61,09130,09,Lower Connecticut River Valley Planning Region,0.68,TRUE,2023
CT,41.37,-73.16,09140,09,Naugatuck Valley Planning Region,0.68,TRUE,2023
CT,41.37,-73.05,09140,09,Naugatuck Valley Planning Region,0.68,TRUE,2023
CT,41.42,-73.21,09190,09,Western Connecticut Planning Region,0.68,TRUE,2023
CT,41.42,-73.03,09170,09,South Central Connecticut Planning Region,0.68,TRUE,2023
CT,41.42,-72.65,09170,09,South Central Connecticut Planning Region,0.68,TRUE,2023
CT,41.43,-72.28,09130,09,Lower Connecticut River Valley Planning Region,0.68,TRUE,2023
CT,41.46,-73.01,09170,09,South Central Connecticut Planning Region,0.68,TRUE,2023
CT,41.47,-72.98,09140,09,Naugatuck Valley Planning Region,0.68,TRUE,2023
CT,41.51,-73.33,09160,09,Northwest Hills Planning Region,0.68,TRUE,2023
CT,41.51,-73.29,09160,09,Northwest Hills Planning Region,0.68,TRUE,2023
CT,41.54,-73.34,09190,09,Western Connecticut Planning Region,0.68,TRUE,2023
CT,41.54,-71.87,09180,09,Southeastern Connecticut Planning Region,0.68,TRUE,2023
CT,41.56,-71.87,09150,09,Northeastern Connecticut Planning Region,0.68,TRUE,2023
CT,41.57,-72.8,09170,09,South Central Connecticut Planning Region,0.68,TRUE,2023
CT,41.58,-72.76,09110,09,Capitol Planning Region,0.68,TRUE,2023
CT,41.59,-72.94,09140,09,Naugatuck Valley Planning Region,0.68,TRUE,2023
CT,41.61,-73.35,09160,09,Northwest Hills Planning Region,0.68,TRUE,2023
CT,41.63,-72.71,09110,09,Capitol Planning Region,0.68,TRUE,2023
CT,41.64,-73.26,09160,09,Northwest Hills Planning Region,0.68,TRUE,2023
CT,41.64,-72.94,09140,09,Naugatuck Valley Planning Region,0.68,TRUE,2023
CT,41.64,-72.64,09110,09,Capitol Planning Region,0.68,TRUE,2023
CT,41.65,-72.32,09110,09,Capitol Planning Region,0.68,TRUE,2023
CT,41.65,-72.31,09180,09,Southeastern Connecticut Planning Region,0.68,TRUE,2023
CT,41.65,-72.06,09180,09,Southeastern Connecticut Planning Region,0.68,TRUE,2023
CT,41.67,-73.48,09190,09,Western Connecticut Planning Region,0.68,TRUE,2023
CT,41.68,-73.38,09160,09,Northwest Hills Planning Region,0.68,TRUE,2023
CT,41.7,-72.25,09180,09,Southeastern Connecticut Planning Region,0.68,TRUE,2023
CT,41.73,-72.25,09110,09,Capitol Planning Region,0.68,TRUE,2023
CT,41.75,-72.12,09150,09,Northeastern Connecticut Planning Region,0.68,TRUE,2023
CT,41.96,-72.89,09110,09,Capitol Planning Region,0.68,TRUE,2023
CT,41.97,-72.89,09160,09,Northwest Hills Planning Region,0.68,TRUE,2023
CT,42.01,-72.21,09150,09,Northeastern Connecticut Planning Region,0.68,TRUE,2023
CT,42.02,-72.21,09110,09,Capitol Planning Region,0.68,TRUE,2023
CT,41.18,-73.33,09190,09,Western Connecticut Planning Region,0.72,TRUE,2023
CT,41.18,-73.12,09170,09,South Central Connecticut Planning Region,0.72,TRUE,2023
CT,41.33,-73.18,09140,09,Naugatuck Valley Planning Region,0.72,TRUE,2023
CT,41.36,-72.61,09130,09,Lower Connecticut River Valley Planning Region,0.72,TRUE,2023
CT,41.39,-72.62,09170,09,South Central Connecticut Planning Region,0.72,TRUE,2023
CT,41.44,-73.25,09140,09,Naugatuck Valley Planning Region,0.72,TRUE,2023
CT,41.44,-72.29,09180,09,Southeastern Connecticut Planning Region,0.72,TRUE,2023
CT,41.45,-73.3,09190,09,Western Connecticut Planning Region,0.72,TRUE,2023
CT,41.45,-73.28,09190,09,Western Connecticut Planning Region,0.72,TRUE,2023
CT,41.45,-72.74,09170,09,South Central Connecticut Planning Region,0.72,TRUE,2023
CT,41.45,-72.31,09130,09,Lower Connecticut River Valley Planning Region,0.72,TRUE,2023
CT,41.5,-73.32,09140,09,Naugatuck Valley Planning Region,0.72,TRUE,2023
CT,41.51,-71.81,09150,09,Northeastern Connecticut Planning Region,0.72,TRUE,2023
CT,41.52,-72.85,09170,09,South Central Connecticut Planning Region,0.72,TRUE,2023
CT,41.53,-72.35,09130,09,Lower Connecticut River Valley Planning Region,0.72,TRUE,2023
CT,41.56,-72.9,09140,09,Naugatuck Valley Planning Region,0.72,TRUE,2023
CT,41.56,-72.88,09140,09,Naugatuck Valley Planning Region,0.72,TRUE,2023
CT,41.56,-72.81,09170,09,South Central Connecticut Planning Region,0.72,TRUE,2023
CT,41.59,-73.35,09190,09,Western Connecticut Planning Region,0.72,TRUE,2023
CT,41.62,-71.88,09150,09,Northeastern Connecticut Planning Region,0.72,TRUE,2023
CT,41.64,-73.36,09190,09,Western Connecticut Planning Region,0.72,TRUE,2023
CT,41.64,-72.63,09110,09,Capitol Planning Region,0.72,TRUE,2023
CT,41.64,-72.55,09130,09,Lower Connecticut River Valley Planning Region,0.72,TRUE,2023
CT,41.64,-72,09180,09,Southeastern Connecticut Planning Region,0.72,TRUE,2023
CT,41.67,-73.2,09160,09,Northwest Hills Planning Region,0.72,TRUE,2023
CT,41.67,-72.27,09180,09,Southeastern Connecticut Planning Region,0.72,TRUE,2023
CT,41.68,-72.27,09110,09,Capitol Planning Region,0.72,TRUE,2023
CT,41.7,-72.26,09110,09,Capitol Planning Region,0.72,TRUE,2023
CT,41.71,-73.02,09140,09,Naugatuck Valley Planning Region,0.72,TRUE,2023
CT,41.74,-72.9,09110,09,Capitol Planning Region,0.72,TRUE,2023
CT,41.81,-72.16,09150,09,Northeastern Connecticut Planning Region,0.72,TRUE,2023
CT,41.87,-72.95,09160,09,Northwest Hills Planning Region,0.72,TRUE,2023
CT,41.89,-72.94,09110,09,Capitol Planning Region,0.72,TRUE,2023
CT,41.16,-73.31,09120,09,Greater Bridgeport Planning Region,0.76,TRUE,2023
CT,41.24,-73.34,09190,09,Western Connecticut Planning Region,0.76,TRUE,2023
CT,41.27,-73.11,09140,09,Naugatuck Valley Planning Region,0.76,TRUE,2023
CT,41.29,-73.32,09120,09,Greater Bridgeport Planning Region,0.76,TRUE,2023
CT,41.3,-73.2,09140,09,Naugatuck Valley Planning Region,0.76,TRUE,2023
CT,41.34,-72.61,09130,09,Lower Connecticut River Valley Planning Region,0.76,TRUE,2023
CT,41.38,-72.61,09130,09,Lower Connecticut River Valley Planning Region,0.76,TRUE,2023
CT,41.4,-72.63,09170,09,South Central Connecticut Planning Region,0.76,TRUE,2023
CT,41.43,-72.72,09130,09,Lower Connecticut River Valley Planning Region,0.76,TRUE,2023
CT,41.43,-72.69,09170,09,South Central Connecticut Planning Region,0.76,TRUE,2023
CT,41.45,-73.27,09140,09,Naugatuck Valley Planning Region,0.76,TRUE,2023
CT,41.48,-73.32,09140,09,Naugatuck Valley Planning Region,0.76,TRUE,2023
CT,41.49,-72.32,09130,09,Lower Connecticut River Valley Planning Region,0.76,TRUE,2023
CT,41.54,-72.85,09170,09,South Central Connecticut Planning Region,0.76,TRUE,2023
CT,41.55,-72.86,09110,09,Capitol Planning Region,0.76,TRUE,2023
CT,41.56,-73.34,09160,09,Northwest Hills Planning Region,0.76,TRUE,2023
CT,41.56,-72.94,09110,09,Capitol Planning Region,0.76,TRUE,2023
CT,41.56,-72.45,09180,09,Southeastern Connecticut Planning Region,0.76,TRUE,2023
CT,41.57,-73.26,09140,09,Naugatuck Valley Planning Region,0.76,TRUE,2023
CT,41.57,-72.94,09110,09,Capitol Planning Region,0.76,TRUE,2023
CT,41.58,-72.75,09130,09,Lower Connecticut River Valley Planning Region,0.76,TRUE,2023
CT,41.63,-72.68,09130,09,Lower Connecticut River Valley Planning Region,0.76,TRUE,2023
CT,41.64,-72.59,09110,09,Capitol Planning Region,0.76,TRUE,2023
CT,41.64,-72.33,09180,09,Southeastern Connecticut Planning Region,0.76,TRUE,2023
CT,41.65,-73.36,09160,09,Northwest Hills Planning Region,0.76,TRUE,2023
CT,41.65,-72.9,09140,09,Naugatuck Valley Planning Region,0.76,TRUE,2023
CT,41.66,-73.38,09190,09,Western Connecticut Planning Region,0.76,TRUE,2023
CT,41.67,-72.89,09140,09,Naugatuck Valley Planning Region,0.76,TRUE,2023
CT,41.68,-73.43,09160,09,Northwest Hills Planning Region,0.76,TRUE,2023
CT,41.68,-73.39,09190,09,Western Connecticut Planning Region,0.76,TRUE,2023
CT,41.68,-73.13,09160,09,Northwest Hills Planning Region,0.76,TRUE,2023
CT,41.68,-73.12,09140,09,Naugatuck Valley Planning Region,0.76,TRUE,2023
CT,41.69,-73.11,09160,09,Northwest Hills Planning Region,0.76,TRUE,2023
CT,41.69,-73.1,09140,09,Naugatuck Valley Planning Region,0.76,TRUE,2023
CT,41.71,-73.06,09160,09,Northwest Hills Planning Region,0.76,TRUE,2023
CT,41.71,-72.12,09150,09,Northeastern Connecticut Planning Region,0.76,TRUE,2023
CT,41.77,-72.91,09160,09,Northwest Hills Planning Region,0.76,TRUE,2023
CT,41.96,-72.22,09150,09,Northeastern Connecticut Planning Region,0.76,TRUE,2023
CT,42,-72.88,09160,09,Northwest Hills Planning Region,0.76,TRUE,2023
CT,41.26,-72.54,09130,09,Lower Connecticut River Valley Planning Region,0.7917,TRUE,2023
CT,41.13,-73.3,09190,09,Western Connecticut Planning Region,0.8,TRUE,2023
CT,41.31,-73.2,09120,09,Greater Bridgeport Planning Region,0.8,TRUE,2023
CT,41.32,-73.32,09120,09,Greater Bridgeport Planning Region,0.8,TRUE,2023
CT,41.32,-72.59,09170,09,South Central Connecticut Planning Region,0.8,TRUE,2023
CT,41.32,-72.26,09130,09,Lower Connecticut River Valley Planning Region,0.8,TRUE,2023
CT,41.33,-72.6,09130,09,Lower Connecticut River Valley Planning Region,0.8,TRUE,2023
CT,41.34,-73.04,09170,09,South Central Connecticut Planning Region,0.8,TRUE,2023
CT,41.35,-73.17,09140,09,Naugatuck Valley Planning Region,0.8,TRUE,2023
CT,41.35,-73.05,09140,09,Naugatuck Valley Planning Region,0.8,TRUE,2023
CT,41.36,-73.05,09140,09,Naugatuck Valley Planning Region,0.8,TRUE,2023
CT,41.37,-73.23,09190,09,Western Connecticut Planning Region,0.8,TRUE,2023
CT,41.37,-72.28,09130,09,Lower Connecticut River Valley Planning Region,0.8,TRUE,2023
CT,41.41,-72.63,09130,09,Lower Connecticut River Valley Planning Region,0.8,TRUE,2023
CT,41.44,-72.66,09130,09,Lower Connecticut River Valley Planning Region,0.8,TRUE,2023
CT,41.45,-72.9,09170,09,South Central Connecticut Planning Region,0.8,TRUE,2023
CT,41.46,-72.94,09170,09,South Central Connecticut Planning Region,0.8,TRUE,2023
CT,41.46,-72.91,09140,09,Naugatuck Valley Planning Region,0.8,TRUE,2023
CT,41.46,-72.88,09140,09,Naugatuck Valley Planning Region,0.8,TRUE,2023
CT,41.46,-72.74,09170,09,South Central Connecticut Planning Region,0.8,TRUE,2023
CT,41.47,-72.97,09140,09,Naugatuck Valley Planning Region,0.8,TRUE,2023
CT,41.48,-72.86,09170,09,South Central Connecticut Planning Region,0.8,TRUE,2023
CT,41.51,-73.3,09160,09,Northwest Hills Planning Region,0.8,TRUE,2023
CT,41.51,-71.85,09180,09,Southeastern Connecticut Planning Region,0.8,TRUE,2023
CT,41.51,-71.8,09150,09,Northeastern Connecticut Planning Region,0.8,TRUE,2023
CT,41.52,-72.75,09170,09,South Central Connecticut Planning Region,0.8,TRUE,2023
CT,41.52,-72.32,09180,09,Southeastern Connecticut Planning Region,0.8,TRUE,2023
CT,41.53,-72.75,09170,09,South Central Connecticut Planning Region,0.8,TRUE,2023
CT,41.53,-72.41,09180,09,Southeastern Connecticut Planning Region,0.8,TRUE,2023
CT,41.53,-72.4,09180,09,Southeastern Connecticut Planning Region,0.8,TRUE,2023
CT,41.53,-72.34,09130,09,Lower Connecticut River Valley Planning Region,0.8,TRUE,2023
CT,41.53,-72.32,09180,09,Southeastern Connecticut Planning Region,0.8,TRUE,2023
CT,41.55,-72.87,09140,09,Naugatuck Valley Planning Region,0.8,TRUE,2023
CT,41.56,-72.89,09140,09,Naugatuck Valley Planning Region,0.8,TRUE,2023
CT,41.56,-72.85,09110,09,Capitol Planning Region,0.8,TRUE,2023
CT,41.58,-72.77,09110,09,Capitol Planning Region,0.8,TRUE,2023
CT,41.59,-72.44,09110,09,Capitol Planning Region,0.8,TRUE,2023
CT,41.59,-71.88,09180,09,Southeastern Connecticut Planning Region,0.8,TRUE,2023
CT,41.6,-72.48,09130,09,Lower Connecticut River Valley Planning Region,0.8,TRUE,2023
CT,41.61,-72.48,09110,09,Capitol Planning Region,0.8,TRUE,2023
CT,41.63,-73.26,09160,09,Northwest Hills Planning Region,0.8,TRUE,2023
CT,41.63,-72.94,09140,09,Naugatuck Valley Planning Region,0.8,TRUE,2023
CT,41.64,-72.65,09110,09,Capitol Planning Region,0.8,TRUE,2023
CT,41.64,-72.6,09110,09,Capitol Planning Region,0.8,TRUE,2023
CT,41.64,-72.54,09130,09,Lower Connecticut River Valley Planning Region,0.8,TRUE,2023
CT,41.64,-71.97,09150,09,Northeastern Connecticut Planning Region,0.8,TRUE,2023
CT,41.64,-71.93,09150,09,Northeastern Connecticut Planning Region,0.8,TRUE,2023
CT,41.64,-71.92,09150,09,Northeastern Connecticut Planning Region,0.8,TRUE,2023
CT,41.65,-72.91,09140,09,Naugatuck Valley Planning Region,0.8,TRUE,2023
CT,41.65,-72.51,09110,09,Capitol Planning Region,0.8,TRUE,2023
CT,41.65,-72.03,09150,09,Northeastern Connecticut Planning Region,0.8,TRUE,2023
CT,41.66,-72.09,09150,09,Northeastern Connecticut Planning Region,0.8,TRUE,2023
CT,41.67,-73.51,09160,09,Northwest Hills Planning Region,0.8,TRUE,2023
CT,41.67,-73.47,09190,09,Western Connecticut Planning Region,0.8,TRUE,2023
CT,41.67,-73.22,09160,09,Northwest Hills Planning Region,0.8,TRUE,2023
CT,41.67,-73.21,09160,09,Northwest Hills Planning Region,0.8,TRUE,2023
CT,41.68,-73.44,09160,09,Northwest Hills Planning Region,0.8,TRUE,2023
CT,41.71,-73.01,09140,09,Naugatuck Valley Planning Region,0.8,TRUE,2023
CT,41.71,-72.99,09140,09,Naugatuck Valley Planning Region,0.8,TRUE,2023
CT,41.72,-72.96,09160,09,Northwest Hills Planning Region,0.8,TRUE,2023
CT,41.72,-72.95,09160,09,Northwest Hills Planning Region,0.8,TRUE,2023
CT,41.73,-72.12,09180,09,Southeastern Connecticut Planning Region,0.8,TRUE,2023
CT,41.75,-72.15,09180,09,Southeastern Connecticut Planning Region,0.8,TRUE,2023
CT,41.76,-72.16,09110,09,Capitol Planning Region,0.8,TRUE,2023
CT,41.81,-72.95,09160,09,Northwest Hills Planning Region,0.8,TRUE,2023
CT,41.81,-72.94,09110,09,Capitol Planning Region,0.8,TRUE,2023
CT,41.82,-72.16,09150,09,Northeastern Connecticut Planning Region,0.8,TRUE,2023
CT,41.84,-72.22,09110,09,Capitol Planning Region,0.8,TRUE,2023
CT,41.85,-72.95,09110,09,Capitol Planning Region,0.8,TRUE,2023
CT,41.85,-72.22,09110,09,Capitol Planning Region,0.8,TRUE,2023
CT,41.86,-72.22,09110,09,Capitol Planning Region,0.8,TRUE,2023
CT,41.87,-72.22,09110,09,Capitol Planning Region,0.8,TRUE,2023
CT,41.88,-72.22,09110,09,Capitol Planning Region,0.8,TRUE,2023
CT,41.89,-72.22,09110,09,Capitol Planning Region,0.8,TRUE,2023
CT,41.9,-72.92,09160,09,Northwest Hills Planning Region,0.8,TRUE,2023
CT,41.9,-72.22,09110,09,Capitol Planning Region,0.8,TRUE,2023
CT,41.91,-72.22,09110,09,Capitol Planning Region,0.8,TRUE,2023
CT,41.92,-72.22,09110,09,Capitol Planning Region,0.8,TRUE,2023
CT,41.93,-72.22,09110,09,Capitol Planning Region,0.8,TRUE,2023
CT,41.94,-72.22,09110,09,Capitol Planning Region,0.8,TRUE,2023
CT,41.95,-72.22,09110,09,Capitol Planning Region,0.8,TRUE,2023
CT,42.04,-72.86,09110,09,Capitol Planning Region,0.8,TRUE,2023
CT,41.27,-72.55,09170,09,South Central Connecticut Planning Region,0.84,TRUE,2023
CT,41.28,-73.08,09170,09,South Central Connecticut Planning Region,0.84,TRUE,2023
CT,41.29,-72.56,09130,09,Lower Connecticut River Valley Planning Region,0.84,TRUE,2023
CT,41.3,-72.58,09170,09,South Central Connecticut Planning Region,0.84,TRUE,2023
CT,41.3,-72.57,09130,09,Lower Connecticut River Valley Planning Region,0.84,TRUE,2023
CT,41.38,-73.17,09120,09,Greater Bridgeport Planning Region,0.84,TRUE,2023
CT,41.4,-73.05,09140,09,Naugatuck Valley Planning Region,0.84,TRUE,2023
CT,41.41,-73.2,09190,09,Western Connecticut Planning Region,0.84,TRUE,2023
CT,41.41,-72.64,09170,09,South Central Connecticut Planning Region,0.84,TRUE,2023
CT,41.43,-72.74,09130,09,Lower Connecticut River Valley Planning Region,0.84,TRUE,2023
CT,41.43,-72.68,09170,09,South Central Connecticut Planning Region,0.84,TRUE,2023
CT,41.43,-72.65,09170,09,South Central Connecticut Planning Region,0.84,TRUE,2023
CT,41.44,-73.27,09190,09,Western Connecticut Planning Region,0.84,TRUE,2023
CT,41.53,-73.26,09160,09,Northwest Hills Planning Region,0.84,TRUE,2023
CT,41.53,-72.43,09180,09,Southeastern Connecticut Planning Region,0.84,TRUE,2023
CT,41.53,-72.33,09130,09,Lower Connecticut River Valley Planning Region,0.84,TRUE,2023
CT,41.55,-72.45,09130,09,Lower Connecticut River Valley Planning Region,0.84,TRUE,2023
CT,41.59,-72.38,09180,09,Southeastern Connecticut Planning Region,0.84,TRUE,2023
CT,41.6,-73.27,09160,09,Northwest Hills Planning Region,0.84,TRUE,2023
CT,41.6,-72.72,09130,09,Lower Connecticut River Valley Planning Region,0.84,TRUE,2023
CT,41.6,-72.38,09110,09,Capitol Planning Region,0.84,TRUE,2023
CT,41.61,-72.33,09110,09,Capitol Planning Region,0.84,TRUE,2023
CT,41.62,-72.71,09130,09,Lower Connecticut River Valley Planning Region,0.84,TRUE,2023
CT,41.63,-71.88,09150,09,Northeastern Connecticut Planning Region,0.84,TRUE,2023
CT,41.64,-72.93,09110,09,Capitol Planning Region,0.84,TRUE,2023
CT,41.65,-72.07,09180,09,Southeastern Connecticut Planning Region,0.84,TRUE,2023
CT,41.66,-72.3,09110,09,Capitol Planning Region,0.84,TRUE,2023
CT,41.66,-72.29,09180,09,Southeastern Connecticut Planning Region,0.84,TRUE,2023
CT,41.66,-72.12,09180,09,Southeastern Connecticut Planning Region,0.84,TRUE,2023
CT,41.67,-73.23,09160,09,Northwest Hills Planning Region,0.84,TRUE,2023
CT,41.7,-73.09,09160,09,Northwest Hills Planning Region,0.84,TRUE,2023
CT,41.92,-72.91,09160,09,Northwest Hills Planning Region,0.84,TRUE,2023
CT,41.93,-72.9,09110,09,Capitol Planning Region,0.84,TRUE,2023
CT,42.03,-72.21,09110,09,Capitol Planning Region,0.8667,TRUE,2023
CT,41.67,-73.52,09160,09,Northwest Hills Planning Region,0.875,TRUE,2023
CT,41.19,-73.34,09190,09,Western Connecticut Planning Region,0.88,TRUE,2023
CT,41.2,-73.33,09120,09,Greater Bridgeport Planning Region,0.88,TRUE,2023
CT,41.25,-73.35,09190,09,Western Connecticut Planning Region,0.88,TRUE,2023
CT,41.25,-73.34,09120,09,Greater Bridgeport Planning Region,0.88,TRUE,2023
CT,41.26,-73.36,09190,09,Western Connecticut Planning Region,0.88,TRUE,2023
CT,41.26,-73.35,09120,09,Greater Bridgeport Planning Region,0.88,TRUE,2023
CT,41.27,-73.36,09120,09,Greater Bridgeport Planning Region,0.88,TRUE,2023
CT,41.27,-73.18,09120,09,Greater Bridgeport Planning Region,0.88,TRUE,2023
CT,41.28,-73.19,09120,09,Greater Bridgeport Planning Region,0.88,TRUE,2023
CT,41.28,-73.18,09140,09,Naugatuck Valley Planning Region,0.88,TRUE,2023
CT,41.29,-73.2,09120,09,Greater Bridgeport Planning Region,0.88,TRUE,2023
CT,41.29,-73.19,09140,09,Naugatuck Valley Planning Region,0.88,TRUE,2023
CT,41.31,-73.32,09190,09,Western Connecticut Planning Region,0.88,TRUE,2023
CT,41.31,-72.25,09180,09,Southeastern Connecticut Planning Region,0.88,TRUE,2023
CT,41.34,-73.18,09120,09,Greater Bridgeport Planning Region,0.88,TRUE,2023
CT,41.37,-73.2,09120,09,Greater Bridgeport Planning Region,0.88,TRUE,2023
CT,41.4,-73.19,09190,09,Western Connecticut Planning Region,0.88,TRUE,2023
CT,41.43,-73.03,09140,09,Naugatuck Valley Planning Region,0.88,TRUE,2023
CT,41.44,-72.31,09130,09,Lower Connecticut River Valley Planning Region,0.88,TRUE,2023
CT,41.45,-72.88,09170,09,South Central Connecticut Planning Region,0.88,TRUE,2023
CT,41.49,-73.33,09190,09,Western Connecticut Planning Region,0.88,TRUE,2023
CT,41.49,-72.86,09140,09,Naugatuck Valley Planning Region,0.88,TRUE,2023
CT,41.49,-72.74,09130,09,Lower Connecticut River Valley Planning Region,0.88,TRUE,2023
CT,41.53,-71.87,09180,09,Southeastern Connecticut Planning Region,0.88,TRUE,2023
CT,41.56,-72.83,09170,09,South Central Connecticut Planning Region,0.88,TRUE,2023
CT,41.57,-73.34,09160,09,Northwest Hills Planning Region,0.88,TRUE,2023
CT,41.57,-71.87,09150,09,Northeastern Connecticut Planning Region,0.88,TRUE,2023
CT,41.58,-73.26,09140,09,Naugatuck Valley Planning Region,0.88,TRUE,2023
CT,41.59,-72.45,09110,09,Capitol Planning Region,0.88,TRUE,2023
CT,41.6,-73.26,09140,09,Naugatuck Valley Planning Region,0.88,TRUE,2023
CT,41.63,-73.36,09190,09,Western Connecticut Planning Region,0.88,TRUE,2023
CT,41.63,-72.67,09130,09,Lower Connecticut River Valley Planning Region,0.88,TRUE,2023
CT,41.63,-72.63,09130,09,Lower Connecticut River Valley Planning Region,0.88,TRUE,2023
CT,41.64,-72.01,09180,09,Southeastern Connecticut Planning Region,0.88,TRUE,2023
CT,41.65,-73.37,09190,09,Western Connecticut Planning Region,0.88,TRUE,2023
CT,41.67,-73.14,09140,09,Naugatuck Valley Planning Region,0.88,TRUE,2023
CT,41.7,-72.89,09110,09,Capitol Planning Region,0.88,TRUE,2023
CT,41.71,-73.07,09160,09,Northwest Hills Planning Region,0.88,TRUE,2023
CT,41.71,-73,09140,09,Naugatuck Valley Planning Region,0.88,TRUE,2023
CT,41.72,-72.25,09110,09,Capitol Planning Region,0.88,TRUE,2023
CT,41.73,-72.19,09180,09,Southeastern Connecticut Planning Region,0.88,TRUE,2023
CT,41.74,-72.11,09150,09,Northeastern Connecticut Planning Region,0.88,TRUE,2023
CT,41.78,-72.91,09110,09,Capitol Planning Region,0.88,TRUE,2023
CT,41.8,-72.93,09160,09,Northwest Hills Planning Region,0.88,TRUE,2023
CT,41.81,-72.92,09110,09,Capitol Planning Region,0.88,TRUE,2023
CT,41.82,-72.94,09110,09,Capitol Planning Region,0.88,TRUE,2023
CT,41.83,-72.16,09150,09,Northeastern Connecticut Planning Region,0.88,TRUE,2023
CT,41.84,-72.95,09160,09,Northwest Hills Planning Region,0.88,TRUE,2023
CT,42.01,-72.87,09110,09,Capitol Planning Region,0.88,TRUE,2023
CT,41.15,-73.31,09190,09,Western Connecticut Planning Region,0.92,TRUE,2023
CT,41.15,-73.3,09120,09,Greater Bridgeport Planning Region,0.92,TRUE,2023
CT,41.19,-73.33,09120,09,Greater Bridgeport Planning Region,0.92,TRUE,2023
CT,41.26,-72.55,09170,09,South Central Connecticut Planning Region,0.92,TRUE,2023
CT,41.27,-73.37,09190,09,Western Connecticut Planning Region,0.92,TRUE,2023
CT,41.28,-72.56,09170,09,South Central Connecticut Planning Region,0.92,TRUE,2023
CT,41.29,-73.34,09190,09,Western Connecticut Planning Region,0.92,TRUE,2023
CT,41.3,-73.07,09140,09,Naugatuck Valley Planning Region,0.92,TRUE,2023
CT,41.31,-73.04,09170,09,South Central Connecticut Planning Region,0.92,TRUE,2023
CT,41.31,-72.59,09170,09,South Central Connecticut Planning Region,0.92,TRUE,2023
CT,41.33,-73.32,09190,09,Western Connecticut Planning Region,0.92,TRUE,2023
CT,41.34,-73.3,09190,09,Western Connecticut Planning Region,0.92,TRUE,2023
CT,41.34,-72.27,09130,09,Lower Connecticut River Valley Planning Region,0.92,TRUE,2023
CT,41.35,-73.28,09190,09,Western Connecticut Planning Region,0.92,TRUE,2023
CT,41.36,-73.26,09190,09,Western Connecticut Planning Region,0.92,TRUE,2023
CT,41.37,-73.24,09190,09,Western Connecticut Planning Region,0.92,TRUE,2023
CT,41.41,-73.04,09170,09,South Central Connecticut Planning Region,0.92,TRUE,2023
CT,41.42,-73.2,09140,09,Naugatuck Valley Planning Region,0.92,TRUE,2023
CT,41.42,-72.74,09170,09,South Central Connecticut Planning Region,0.92,TRUE,2023
CT,41.43,-73.26,09190,09,Western Connecticut Planning Region,0.92,TRUE,2023
CT,41.43,-72.73,09130,09,Lower Connecticut River Valley Planning Region,0.92,TRUE,2023
CT,41.43,-72.3,09130,09,Lower Connecticut River Valley Planning Region,0.92,TRUE,2023
CT,41.44,-73.24,09140,09,Naugatuck Valley Planning Region,0.92,TRUE,2023
CT,41.48,-72.74,09170,09,South Central Connecticut Planning Region,0.92,TRUE,2023
CT,41.48,-72.32,09130,09,Lower Connecticut River Valley Planning Region,0.92,TRUE,2023
CT,41.48,-72.31,09180,09,Southeastern Connecticut Planning Region,0.92,TRUE,2023
CT,41.51,-73.31,09160,09,Northwest Hills Planning Region,0.92,TRUE,2023
CT,41.52,-73.33,09160,09,Northwest Hills Planning Region,0.92,TRUE,2023
CT,41.52,-73.25,09140,09,Naugatuck Valley Planning Region,0.92,TRUE,2023
CT,41.52,-71.86,09150,09,Northeastern Connecticut Planning Region,0.92,TRUE,2023
CT,41.53,-73.34,09190,09,Western Connecticut Planning Region,0.92,TRUE,2023
CT,41.55,-72.85,09110,09,Capitol Planning Region,0.92,TRUE,2023
CT,41.56,-72.87,09110,09,Capitol Planning Region,0.92,TRUE,2023
CT,41.57,-72.85,09110,09,Capitol Planning Region,0.92,TRUE,2023
CT,41.58,-73.35,09190,09,Western Connecticut Planning Region,0.92,TRUE,2023
CT,41.58,-72.78,09110,09,Capitol Planning Region,0.92,TRUE,2023
CT,41.58,-72.46,09180,09,Southeastern Connecticut Planning Region,0.92,TRUE,2023
CT,41.6,-72.94,09140,09,Naugatuck Valley Planning Region,0.92,TRUE,2023
CT,41.6,-72.4,09110,09,Capitol Planning Region,0.92,TRUE,2023
CT,41.6,-72.33,09180,09,Southeastern Connecticut Planning Region,0.92,TRUE,2023
CT,41.61,-73.25,09140,09,Naugatuck Valley Planning Region,0.92,TRUE,2023
CT,41.61,-72.93,09110,09,Capitol Planning Region,0.92,TRUE,2023
CT,41.61,-72.71,09130,09,Lower Connecticut River Valley Planning Region,0.92,TRUE,2023
CT,41.62,-73.35,09160,09,Northwest Hills Planning Region,0.92,TRUE,2023
CT,41.63,-72.5,09130,09,Lower Connecticut River Valley Planning Region,0.92,TRUE,2023
CT,41.64,-72.92,09110,09,Capitol Planning Region,0.92,TRUE,2023
CT,41.65,-72.92,09140,09,Naugatuck Valley Planning Region,0.92,TRUE,2023
CT,41.65,-72.88,09110,09,Capitol Planning Region,0.92,TRUE,2023
CT,41.66,-73.37,09160,09,Northwest Hills Planning Region,0.92,TRUE,2023
CT,41.66,-72.89,09140,09,Naugatuck Valley Planning Region,0.92,TRUE,2023
CT,41.69,-72.26,09180,09,Southeastern Connecticut Planning Region,0.92,TRUE,2023
CT,41.71,-72.25,09110,09,Capitol Planning Region,0.92,TRUE,2023
CT,41.71,-72.24,09180,09,Southeastern Connecticut Planning Region,0.92,TRUE,2023
CT,41.75,-72.9,09110,09,Capitol Planning Region,0.92,TRUE,2023
CT,41.75,-72.18,09180,09,Southeastern Connecticut Planning Region,0.92,TRUE,2023
CT,41.9,-72.91,09110,09,Capitol Planning Region,0.92,TRUE,2023
CT,41.95,-72.9,09160,09,Northwest Hills Planning Region,0.92,TRUE,2023
CT,41.98,-72.88,09110,09,Capitol Planning Region,0.92,TRUE,2023
CT,41.98,-72.22,09150,09,Northeastern Connecticut Planning Region,0.92,TRUE,2023
CT,42.03,-72.87,09160,09,Northwest Hills Planning Region,0.92,TRUE,2023
